Thu,Mar,10,22:28:40,2022
Thu,Mar,10,22:28:40,2022
Thu,Mar,10,22:28:49,2022
Thu,Mar,10,22:28:51,2022
Thu,Mar,10,22:28:54,2022
Thu,Mar,10,22:29:01,2022
Thu,Mar,10,22:29:07,2022
Thu,Mar,10,22:29:16,2022
Thu,Mar,10,22:29:23,2022
Thu,Mar,10,22:29:30,2022
Thu,Mar,10,22:29:32,2022
Thu,Mar,10,22:29:34,2022
Thu,Mar,10,22:29:38,2022
Thu,Mar,10,22:29:41,2022
Thu,Mar,10,22:29:45,2022
Thu,Mar,10,22:29:49,2022
Thu,Mar,10,22:29:56,2022
Thu,Mar,10,22:29:57,2022
Thu,Mar,10,22:30:00,2022
Thu,Mar,10,22:30:09,2022
Thu,Mar,10,22:30:11,2022
Thu,Mar,10,22:30:17,2022
Thu,Mar,10,22:30:19,2022
Thu,Mar,10,22:30:28,2022
Thu,Mar,10,22:30:36,2022
Thu,Mar,10,22:30:40,2022
Thu,Mar,10,22:30:42,2022
Thu,Mar,10,22:30:49,2022
Thu,Mar,10,22:30:50,2022
Thu,Mar,10,22:30:54,2022
Thu,Mar,10,22:31:03,2022
Thu,Mar,10,22:31:11,2022
Thu,Mar,10,22:31:16,2022
Thu,Mar,10,22:31:17,2022
Thu,Mar,10,22:31:20,2022
Thu,Mar,10,22:31:29,2022
Thu,Mar,10,22:31:36,2022
Thu,Mar,10,22:31:45,2022
Thu,Mar,10,22:31:49,2022
Thu,Mar,10,22:31:51,2022
Thu,Mar,10,22:31:54,2022
Thu,Mar,10,22:32:03,2022
Thu,Mar,10,22:32:11,2022
Thu,Mar,10,22:32:20,2022
Thu,Mar,10,22:32:22,2022
Thu,Mar,10,22:32:30,2022
Thu,Mar,10,22:32:37,2022
Thu,Mar,10,22:32:41,2022
Thu,Mar,10,22:32:47,2022
Thu,Mar,10,22:32:54,2022
Thu,Mar,10,22:33:00,2022
Thu,Mar,10,22:33:01,2022
Thu,Mar,10,22:33:03,2022
Thu,Mar,10,22:33:10,2022
Thu,Mar,10,22:33:11,2022
Thu,Mar,10,22:33:14,2022
Thu,Mar,10,22:33:16,2022
Thu,Mar,10,22:33:22,2022
Thu,Mar,10,22:33:31,2022
Thu,Mar,10,22:33:40,2022
Thu,Mar,10,22:33:42,2022
Thu,Mar,10,22:33:51,2022
Thu,Mar,10,22:33:53,2022
Thu,Mar,10,22:33:58,2022
Thu,Mar,10,22:34:04,2022
Thu,Mar,10,22:34:08,2022
Thu,Mar,10,22:34:17,2022
Thu,Mar,10,22:34:26,2022
Thu,Mar,10,22:34:29,2022
Thu,Mar,10,22:34:33,2022
Thu,Mar,10,22:34:40,2022
Thu,Mar,10,22:34:48,2022
Thu,Mar,10,22:34:54,2022
Thu,Mar,10,22:35:02,2022
Thu,Mar,10,22:35:05,2022
Thu,Mar,10,22:35:10,2022
Thu,Mar,10,22:35:18,2022
Thu,Mar,10,22:35:23,2022
Thu,Mar,10,22:35:24,2022
Thu,Mar,10,22:35:32,2022
Thu,Mar,10,22:35:40,2022
Thu,Mar,10,22:35:48,2022
Thu,Mar,10,22:35:49,2022
Thu,Mar,10,22:35:53,2022
Thu,Mar,10,22:35:58,2022
Thu,Mar,10,22:36:06,2022
Thu,Mar,10,22:36:07,2022
Thu,Mar,10,22:36:08,2022
Thu,Mar,10,22:36:16,2022
Thu,Mar,10,22:36:18,2022
Thu,Mar,10,22:36:27,2022
Thu,Mar,10,22:36:36,2022
Thu,Mar,10,22:36:41,2022
Thu,Mar,10,22:36:49,2022
Thu,Mar,10,22:36:56,2022
Thu,Mar,10,22:37:00,2022
Thu,Mar,10,22:37:06,2022
Thu,Mar,10,22:37:13,2022
Thu,Mar,10,22:37:21,2022
Thu,Mar,10,22:37:24,2022
Thu,Mar,10,22:37:30,2022
Thu,Mar,10,22:37:32,2022
Thu,Mar,10,22:37:41,2022
Thu,Mar,10,22:37:49,2022
Thu,Mar,10,22:37:57,2022
Thu,Mar,10,22:38:03,2022
Thu,Mar,10,22:38:05,2022
Thu,Mar,10,22:38:14,2022
Thu,Mar,10,22:38:18,2022
Thu,Mar,10,22:38:26,2022
Thu,Mar,10,22:38:31,2022
Thu,Mar,10,22:38:37,2022
Thu,Mar,10,22:38:46,2022
Thu,Mar,10,22:38:50,2022
Thu,Mar,10,22:38:53,2022
Thu,Mar,10,22:38:55,2022
Thu,Mar,10,22:38:57,2022
Thu,Mar,10,22:38:58,2022
Thu,Mar,10,22:39:06,2022
Thu,Mar,10,22:39:14,2022
Thu,Mar,10,22:39:19,2022
Thu,Mar,10,22:39:28,2022
Thu,Mar,10,22:39:33,2022
Thu,Mar,10,22:39:42,2022
Thu,Mar,10,22:39:51,2022
Thu,Mar,10,22:39:59,2022
Thu,Mar,10,22:40:02,2022
Thu,Mar,10,22:40:05,2022
Thu,Mar,10,22:40:13,2022
Thu,Mar,10,22:40:20,2022
Thu,Mar,10,22:40:27,2022
Thu,Mar,10,22:40:33,2022
Thu,Mar,10,22:40:42,2022
Thu,Mar,10,22:40:49,2022
Thu,Mar,10,22:40:50,2022
Thu,Mar,10,22:40:51,2022
Thu,Mar,10,22:41:00,2022
Thu,Mar,10,22:41:01,2022
Thu,Mar,10,22:41:03,2022
Thu,Mar,10,22:41:13,2022
Thu,Mar,10,22:41:20,2022
Thu,Mar,10,22:41:28,2022
Thu,Mar,10,22:41:34,2022
Thu,Mar,10,22:41:40,2022
Thu,Mar,10,22:41:48,2022
Thu,Mar,10,22:41:50,2022
Thu,Mar,10,22:41:55,2022
Thu,Mar,10,22:42:01,2022
Thu,Mar,10,22:42:10,2022
Thu,Mar,10,22:42:19,2022
Thu,Mar,10,22:42:28,2022
Thu,Mar,10,22:42:37,2022
Thu,Mar,10,22:42:40,2022
Thu,Mar,10,22:42:44,2022
Thu,Mar,10,22:42:47,2022
Thu,Mar,10,22:42:51,2022
Thu,Mar,10,22:42:56,2022
Thu,Mar,10,22:43:05,2022
Thu,Mar,10,22:43:11,2022
Thu,Mar,10,22:43:12,2022
Thu,Mar,10,22:43:14,2022
Thu,Mar,10,22:43:22,2022
Thu,Mar,10,22:43:25,2022
Thu,Mar,10,22:43:29,2022
Thu,Mar,10,22:43:36,2022
Thu,Mar,10,22:43:45,2022
Thu,Mar,10,22:43:53,2022
Thu,Mar,10,22:44:01,2022
Thu,Mar,10,22:44:06,2022
Thu,Mar,10,22:44:14,2022
Thu,Mar,10,22:44:22,2022
Thu,Mar,10,22:44:31,2022
Thu,Mar,10,22:44:32,2022
Thu,Mar,10,22:44:37,2022
Thu,Mar,10,22:44:42,2022
Thu,Mar,10,22:44:45,2022
Thu,Mar,10,22:44:48,2022
Thu,Mar,10,22:44:49,2022
Thu,Mar,10,22:44:55,2022
Thu,Mar,10,22:45:00,2022
Thu,Mar,10,22:45:01,2022
Thu,Mar,10,22:45:07,2022
Thu,Mar,10,22:45:14,2022
Thu,Mar,10,22:45:21,2022
Thu,Mar,10,22:45:23,2022
Thu,Mar,10,22:45:27,2022
Thu,Mar,10,22:45:29,2022
Thu,Mar,10,22:45:38,2022
Thu,Mar,10,22:45:43,2022
Thu,Mar,10,22:45:52,2022
Thu,Mar,10,22:45:56,2022
Thu,Mar,10,22:46:04,2022
Thu,Mar,10,22:46:05,2022
Thu,Mar,10,22:46:09,2022
Thu,Mar,10,22:46:18,2022
Thu,Mar,10,22:46:21,2022
Thu,Mar,10,22:46:25,2022
Thu,Mar,10,22:46:34,2022
Thu,Mar,10,22:46:39,2022
Thu,Mar,10,22:46:40,2022
Thu,Mar,10,22:46:48,2022
Thu,Mar,10,22:46:54,2022
Thu,Mar,10,22:47:03,2022
Thu,Mar,10,22:47:10,2022
Thu,Mar,10,22:47:11,2022
Thu,Mar,10,22:47:19,2022
Thu,Mar,10,22:47:24,2022
Thu,Mar,10,22:47:32,2022
Thu,Mar,10,22:47:39,2022
Thu,Mar,10,22:47:42,2022
Thu,Mar,10,22:47:43,2022
Thu,Mar,10,22:47:48,2022
Thu,Mar,10,22:47:55,2022
Thu,Mar,10,22:48:00,2022
Thu,Mar,10,22:48:04,2022
Thu,Mar,10,22:48:12,2022
Thu,Mar,10,22:48:21,2022
Thu,Mar,10,22:48:30,2022
Thu,Mar,10,22:48:33,2022
Thu,Mar,10,22:48:37,2022
Thu,Mar,10,22:48:46,2022
Thu,Mar,10,22:48:48,2022
Thu,Mar,10,22:48:53,2022
Thu,Mar,10,22:49:00,2022
Thu,Mar,10,22:49:09,2022
Thu,Mar,10,22:49:11,2022
Thu,Mar,10,22:49:18,2022
Thu,Mar,10,22:49:24,2022
Thu,Mar,10,22:49:31,2022
Thu,Mar,10,22:49:36,2022
Thu,Mar,10,22:49:44,2022
Thu,Mar,10,22:49:48,2022
Thu,Mar,10,22:49:57,2022
Thu,Mar,10,22:50:05,2022
Thu,Mar,10,22:50:13,2022
Thu,Mar,10,22:50:14,2022
Thu,Mar,10,22:50:19,2022
Thu,Mar,10,22:50:25,2022
Thu,Mar,10,22:50:31,2022
Thu,Mar,10,22:50:38,2022
Thu,Mar,10,22:50:44,2022
Thu,Mar,10,22:50:47,2022
Thu,Mar,10,22:50:49,2022
Thu,Mar,10,22:50:55,2022
Thu,Mar,10,22:51:04,2022
Thu,Mar,10,22:51:10,2022
Thu,Mar,10,22:51:14,2022
Thu,Mar,10,22:51:23,2022
Thu,Mar,10,22:51:30,2022
Thu,Mar,10,22:51:39,2022
Thu,Mar,10,22:51:45,2022
Thu,Mar,10,22:51:50,2022
Thu,Mar,10,22:51:51,2022
Thu,Mar,10,22:51:55,2022
Thu,Mar,10,22:52:04,2022
Thu,Mar,10,22:52:08,2022
Thu,Mar,10,22:52:17,2022
Thu,Mar,10,22:52:20,2022
Thu,Mar,10,22:52:26,2022
Thu,Mar,10,22:52:27,2022
Thu,Mar,10,22:52:32,2022
Thu,Mar,10,22:52:37,2022
Thu,Mar,10,22:52:41,2022
Thu,Mar,10,22:52:48,2022
Thu,Mar,10,22:52:49,2022
Thu,Mar,10,22:52:57,2022
Thu,Mar,10,22:53:00,2022
Thu,Mar,10,22:53:01,2022
Thu,Mar,10,22:53:06,2022
Thu,Mar,10,22:53:11,2022
Thu,Mar,10,22:53:13,2022
Thu,Mar,10,22:53:15,2022
Thu,Mar,10,22:53:21,2022
Thu,Mar,10,22:53:26,2022
Thu,Mar,10,22:53:27,2022
Thu,Mar,10,22:53:31,2022
Thu,Mar,10,22:53:33,2022
Thu,Mar,10,22:53:37,2022
Thu,Mar,10,22:53:38,2022
Thu,Mar,10,22:53:42,2022
Thu,Mar,10,22:53:47,2022
Thu,Mar,10,22:53:50,2022
Thu,Mar,10,22:53:53,2022
Thu,Mar,10,22:53:57,2022
Thu,Mar,10,22:54:01,2022
Thu,Mar,10,22:54:10,2022
Thu,Mar,10,22:54:12,2022
Thu,Mar,10,22:54:19,2022
Thu,Mar,10,22:54:22,2022
Thu,Mar,10,22:54:31,2022
Thu,Mar,10,22:54:33,2022
Thu,Mar,10,22:54:40,2022
Thu,Mar,10,22:54:43,2022
Thu,Mar,10,22:54:52,2022
Thu,Mar,10,22:54:56,2022
Thu,Mar,10,22:55:03,2022
Thu,Mar,10,22:55:07,2022
Thu,Mar,10,22:55:10,2022
Thu,Mar,10,22:55:16,2022
Thu,Mar,10,22:55:25,2022
Thu,Mar,10,22:55:28,2022
Thu,Mar,10,22:55:35,2022
Thu,Mar,10,22:55:41,2022
Thu,Mar,10,22:55:50,2022
Thu,Mar,10,22:55:56,2022
Thu,Mar,10,22:56:01,2022
Thu,Mar,10,22:56:07,2022
Thu,Mar,10,22:56:11,2022
Thu,Mar,10,22:56:19,2022
Thu,Mar,10,22:56:25,2022
Thu,Mar,10,22:56:26,2022
Thu,Mar,10,22:56:30,2022
Thu,Mar,10,22:56:31,2022
Thu,Mar,10,22:56:39,2022
Thu,Mar,10,22:56:46,2022
Thu,Mar,10,22:56:54,2022
Thu,Mar,10,22:57:00,2022
Thu,Mar,10,22:57:02,2022
Thu,Mar,10,22:57:09,2022
Thu,Mar,10,22:57:16,2022
Thu,Mar,10,22:57:17,2022
Thu,Mar,10,22:57:24,2022
Thu,Mar,10,22:57:30,2022
Thu,Mar,10,22:57:38,2022
Thu,Mar,10,22:57:47,2022
Thu,Mar,10,22:57:49,2022
Thu,Mar,10,22:57:51,2022
Thu,Mar,10,22:57:59,2022
Thu,Mar,10,22:58:07,2022
Thu,Mar,10,22:58:14,2022
Thu,Mar,10,22:58:23,2022
Thu,Mar,10,22:58:24,2022
Thu,Mar,10,22:58:33,2022
Thu,Mar,10,22:58:41,2022
Thu,Mar,10,22:58:48,2022
Thu,Mar,10,22:58:57,2022
Thu,Mar,10,22:59:00,2022
Thu,Mar,10,22:59:01,2022
Thu,Mar,10,22:59:06,2022
Thu,Mar,10,22:59:09,2022
Thu,Mar,10,22:59:18,2022
Thu,Mar,10,22:59:25,2022
Thu,Mar,10,22:59:27,2022
Thu,Mar,10,22:59:29,2022
Thu,Mar,10,22:59:35,2022
Thu,Mar,10,22:59:42,2022
Thu,Mar,10,22:59:50,2022
Thu,Mar,10,22:59:55,2022
Thu,Mar,10,23:00:04,2022
Thu,Mar,10,23:00:08,2022
Thu,Mar,10,23:00:09,2022
Thu,Mar,10,23:00:11,2022
Thu,Mar,10,23:00:20,2022
Thu,Mar,10,23:00:22,2022
Thu,Mar,10,23:00:30,2022
Thu,Mar,10,23:00:34,2022
Thu,Mar,10,23:00:41,2022
Thu,Mar,10,23:00:44,2022
Thu,Mar,10,23:00:48,2022
Thu,Mar,10,23:00:53,2022
Thu,Mar,10,23:00:56,2022
Thu,Mar,10,23:01:03,2022
Thu,Mar,10,23:01:04,2022
Thu,Mar,10,23:01:12,2022
Thu,Mar,10,23:01:18,2022
Thu,Mar,10,23:01:25,2022
Thu,Mar,10,23:01:33,2022
Thu,Mar,10,23:01:39,2022
Thu,Mar,10,23:01:41,2022
Thu,Mar,10,23:01:43,2022
Thu,Mar,10,23:01:50,2022
Thu,Mar,10,23:01:57,2022
Thu,Mar,10,23:02:01,2022
Thu,Mar,10,23:02:02,2022
Thu,Mar,10,23:02:09,2022
Thu,Mar,10,23:02:11,2022
Thu,Mar,10,23:02:17,2022
Thu,Mar,10,23:02:26,2022
Thu,Mar,10,23:02:33,2022
Thu,Mar,10,23:02:34,2022
Thu,Mar,10,23:02:36,2022
Thu,Mar,10,23:02:44,2022
Thu,Mar,10,23:02:46,2022
Thu,Mar,10,23:02:47,2022
Thu,Mar,10,23:02:55,2022
Thu,Mar,10,23:02:56,2022
Thu,Mar,10,23:02:57,2022
Thu,Mar,10,23:03:00,2022
Thu,Mar,10,23:03:04,2022
Thu,Mar,10,23:03:05,2022
Thu,Mar,10,23:03:10,2022
Thu,Mar,10,23:03:11,2022
Thu,Mar,10,23:03:16,2022
Thu,Mar,10,23:03:23,2022
Thu,Mar,10,23:03:29,2022
Thu,Mar,10,23:03:38,2022
Thu,Mar,10,23:03:44,2022
Thu,Mar,10,23:03:52,2022
Thu,Mar,10,23:03:58,2022
Thu,Mar,10,23:04:07,2022
Thu,Mar,10,23:04:14,2022
Thu,Mar,10,23:04:15,2022
Thu,Mar,10,23:04:16,2022
Thu,Mar,10,23:04:20,2022
Thu,Mar,10,23:04:25,2022
Thu,Mar,10,23:04:33,2022
Thu,Mar,10,23:04:42,2022
Thu,Mar,10,23:04:47,2022
Thu,Mar,10,23:04:53,2022
Thu,Mar,10,23:04:58,2022
Thu,Mar,10,23:05:04,2022
Thu,Mar,10,23:05:13,2022
Thu,Mar,10,23:05:20,2022
Thu,Mar,10,23:05:25,2022
Thu,Mar,10,23:05:26,2022
Thu,Mar,10,23:05:34,2022
Thu,Mar,10,23:05:43,2022
Thu,Mar,10,23:05:50,2022
Thu,Mar,10,23:05:55,2022
Thu,Mar,10,23:06:01,2022
Thu,Mar,10,23:06:02,2022
Thu,Mar,10,23:06:09,2022
Thu,Mar,10,23:06:11,2022
Thu,Mar,10,23:06:19,2022
Thu,Mar,10,23:06:28,2022
Thu,Mar,10,23:06:31,2022
Thu,Mar,10,23:06:38,2022
Thu,Mar,10,23:06:41,2022
Thu,Mar,10,23:06:42,2022
Thu,Mar,10,23:06:50,2022
Thu,Mar,10,23:06:54,2022
Thu,Mar,10,23:07:02,2022
Thu,Mar,10,23:07:08,2022
Thu,Mar,10,23:07:12,2022
Thu,Mar,10,23:07:14,2022
Thu,Mar,10,23:07:18,2022
Thu,Mar,10,23:07:22,2022
Thu,Mar,10,23:07:30,2022
Thu,Mar,10,23:07:38,2022
Thu,Mar,10,23:07:47,2022
Thu,Mar,10,23:07:56,2022
Thu,Mar,10,23:08:04,2022
Thu,Mar,10,23:08:12,2022
Thu,Mar,10,23:08:19,2022
Thu,Mar,10,23:08:23,2022
Thu,Mar,10,23:08:28,2022
Thu,Mar,10,23:08:32,2022
Thu,Mar,10,23:08:40,2022
Thu,Mar,10,23:08:49,2022
Thu,Mar,10,23:08:51,2022
Thu,Mar,10,23:09:00,2022
Thu,Mar,10,23:09:08,2022
Thu,Mar,10,23:09:11,2022
Thu,Mar,10,23:09:16,2022
Thu,Mar,10,23:09:17,2022
Thu,Mar,10,23:09:24,2022
Thu,Mar,10,23:09:32,2022
Thu,Mar,10,23:09:37,2022
Thu,Mar,10,23:09:43,2022
Thu,Mar,10,23:09:47,2022
Thu,Mar,10,23:09:52,2022
Thu,Mar,10,23:09:58,2022
Thu,Mar,10,23:10:05,2022
Thu,Mar,10,23:10:10,2022
Thu,Mar,10,23:10:13,2022
Thu,Mar,10,23:10:15,2022
Thu,Mar,10,23:10:23,2022
Thu,Mar,10,23:10:28,2022
Thu,Mar,10,23:10:35,2022
Thu,Mar,10,23:10:39,2022
Thu,Mar,10,23:10:46,2022
Thu,Mar,10,23:10:51,2022
Thu,Mar,10,23:10:58,2022
Thu,Mar,10,23:11:04,2022
Thu,Mar,10,23:11:06,2022
Thu,Mar,10,23:11:12,2022
Thu,Mar,10,23:11:18,2022
Thu,Mar,10,23:11:25,2022
Thu,Mar,10,23:11:34,2022
Thu,Mar,10,23:11:42,2022
Thu,Mar,10,23:11:46,2022
Thu,Mar,10,23:11:55,2022
Thu,Mar,10,23:11:57,2022
Thu,Mar,10,23:12:00,2022
Thu,Mar,10,23:12:05,2022
Thu,Mar,10,23:12:13,2022
Thu,Mar,10,23:12:14,2022
Thu,Mar,10,23:12:22,2022
Thu,Mar,10,23:12:26,2022
Thu,Mar,10,23:12:31,2022
Thu,Mar,10,23:12:34,2022
Thu,Mar,10,23:12:35,2022
Thu,Mar,10,23:12:37,2022
Thu,Mar,10,23:12:43,2022
Thu,Mar,10,23:12:49,2022
Thu,Mar,10,23:12:58,2022
Thu,Mar,10,23:13:01,2022
Thu,Mar,10,23:13:03,2022
Thu,Mar,10,23:13:07,2022
Thu,Mar,10,23:13:16,2022
Fri,Mar,11,08:28:43,2022
Fri,Mar,11,08:28:43,2022
Fri,Mar,11,08:28:48,2022
Fri,Mar,11,08:28:54,2022
Fri,Mar,11,08:29:02,2022
Fri,Mar,11,08:29:11,2022
Fri,Mar,11,08:29:18,2022
Fri,Mar,11,08:29:24,2022
Fri,Mar,11,08:29:30,2022
Fri,Mar,11,08:29:39,2022
Fri,Mar,11,08:29:46,2022
Fri,Mar,11,08:29:52,2022
Fri,Mar,11,08:29:59,2022
Fri,Mar,11,08:30:08,2022
Fri,Mar,11,08:30:15,2022
Fri,Mar,11,08:30:22,2022
Fri,Mar,11,08:30:29,2022
Fri,Mar,11,08:30:37,2022
Fri,Mar,11,08:30:46,2022
Fri,Mar,11,08:30:51,2022
Fri,Mar,11,08:30:57,2022
Fri,Mar,11,08:31:04,2022
Fri,Mar,11,08:31:09,2022
Fri,Mar,11,08:31:18,2022
Fri,Mar,11,08:31:25,2022
Fri,Mar,11,08:31:34,2022
Fri,Mar,11,08:31:41,2022
Fri,Mar,11,08:31:48,2022
Fri,Mar,11,08:31:55,2022
Fri,Mar,11,08:32:00,2022
Fri,Mar,11,08:32:07,2022
Fri,Mar,11,08:32:12,2022
Fri,Mar,11,08:32:18,2022
Fri,Mar,11,08:32:23,2022
Fri,Mar,11,08:32:30,2022
Fri,Mar,11,08:32:39,2022
Fri,Mar,11,08:32:47,2022
Fri,Mar,11,08:32:55,2022
Fri,Mar,11,08:33:02,2022
Fri,Mar,11,08:33:11,2022
Fri,Mar,11,08:33:20,2022
Fri,Mar,11,08:33:29,2022
Fri,Mar,11,08:33:34,2022
Fri,Mar,11,08:33:43,2022
Fri,Mar,11,08:33:52,2022
Fri,Mar,11,08:34:00,2022
Fri,Mar,11,08:34:09,2022
Fri,Mar,11,08:34:15,2022
Fri,Mar,11,08:34:21,2022
Fri,Mar,11,08:34:30,2022
Fri,Mar,11,08:34:38,2022
Fri,Mar,11,08:34:46,2022
Fri,Mar,11,08:34:51,2022
Fri,Mar,11,08:35:00,2022
Fri,Mar,11,08:35:07,2022
Fri,Mar,11,08:35:12,2022
Fri,Mar,11,08:35:21,2022
Fri,Mar,11,08:35:27,2022
Fri,Mar,11,08:35:35,2022
Fri,Mar,11,08:35:44,2022
Fri,Mar,11,08:35:52,2022
Fri,Mar,11,08:36:00,2022
Fri,Mar,11,08:36:09,2022
Fri,Mar,11,08:36:14,2022
Fri,Mar,11,08:36:21,2022
Fri,Mar,11,08:36:30,2022
Fri,Mar,11,08:36:39,2022
Fri,Mar,11,08:36:44,2022
Fri,Mar,11,08:36:53,2022
Fri,Mar,11,08:36:58,2022
Fri,Mar,11,08:37:05,2022
Fri,Mar,11,08:37:14,2022
Fri,Mar,11,08:37:20,2022
Fri,Mar,11,08:37:25,2022
Fri,Mar,11,08:37:33,2022
Fri,Mar,11,08:37:42,2022
Fri,Mar,11,08:37:47,2022
Fri,Mar,11,08:37:54,2022
Fri,Mar,11,08:38:02,2022
Fri,Mar,11,08:38:09,2022
Fri,Mar,11,08:38:17,2022
Fri,Mar,11,08:38:25,2022
Fri,Mar,11,08:38:32,2022
Fri,Mar,11,08:38:40,2022
Fri,Mar,11,08:38:46,2022
Fri,Mar,11,08:38:53,2022
Fri,Mar,11,08:39:01,2022
Fri,Mar,11,08:39:08,2022
Fri,Mar,11,08:39:13,2022
Fri,Mar,11,08:39:18,2022
Fri,Mar,11,08:39:24,2022
Fri,Mar,11,08:39:32,2022
Fri,Mar,11,08:39:40,2022
Fri,Mar,11,08:39:49,2022
Fri,Mar,11,08:39:56,2022
Fri,Mar,11,08:40:03,2022
Fri,Mar,11,08:40:12,2022
Fri,Mar,11,08:40:17,2022
Fri,Mar,11,08:40:23,2022
Fri,Mar,11,08:40:32,2022
Fri,Mar,11,08:40:38,2022
Fri,Mar,11,08:40:45,2022
Fri,Mar,11,08:40:54,2022
Fri,Mar,11,08:41:02,2022
Fri,Mar,11,08:41:07,2022
Fri,Mar,11,08:41:15,2022
Fri,Mar,11,08:41:24,2022
Fri,Mar,11,08:41:30,2022
Fri,Mar,11,08:41:37,2022
Fri,Mar,11,08:41:46,2022
Fri,Mar,11,08:41:51,2022
Fri,Mar,11,08:41:56,2022
Fri,Mar,11,08:42:05,2022
Fri,Mar,11,08:42:11,2022
Fri,Mar,11,08:42:16,2022
Fri,Mar,11,08:42:21,2022
Fri,Mar,11,08:42:28,2022
Fri,Mar,11,08:42:36,2022
Fri,Mar,11,08:42:41,2022
Fri,Mar,11,08:42:46,2022
Fri,Mar,11,08:42:51,2022
Fri,Mar,11,08:42:57,2022
Fri,Mar,11,08:43:04,2022
Fri,Mar,11,08:43:12,2022
Fri,Mar,11,08:43:19,2022
Fri,Mar,11,08:43:26,2022
Fri,Mar,11,08:43:33,2022
Fri,Mar,11,08:43:41,2022
Fri,Mar,11,08:43:46,2022
Fri,Mar,11,08:43:52,2022
Fri,Mar,11,08:44:01,2022
Fri,Mar,11,08:44:10,2022
Fri,Mar,11,08:44:15,2022
Fri,Mar,11,08:44:21,2022
Fri,Mar,11,08:44:28,2022
Fri,Mar,11,08:44:37,2022
Fri,Mar,11,08:44:46,2022
Fri,Mar,11,08:44:55,2022
Fri,Mar,11,08:45:00,2022
Fri,Mar,11,08:45:05,2022
Fri,Mar,11,08:45:11,2022
Fri,Mar,11,08:45:16,2022
Fri,Mar,11,08:45:22,2022
Fri,Mar,11,08:45:29,2022
Fri,Mar,11,08:45:38,2022
Fri,Mar,11,08:45:45,2022
Fri,Mar,11,08:45:51,2022
Fri,Mar,11,08:45:58,2022
Fri,Mar,11,08:46:07,2022
Fri,Mar,11,08:46:14,2022
Fri,Mar,11,08:46:22,2022
Fri,Mar,11,08:46:29,2022
Fri,Mar,11,08:46:34,2022
Fri,Mar,11,08:46:43,2022
Fri,Mar,11,08:46:48,2022
Fri,Mar,11,08:46:57,2022
Fri,Mar,11,08:47:05,2022
Fri,Mar,11,08:47:12,2022
Fri,Mar,11,08:47:19,2022
Fri,Mar,11,08:47:28,2022
Fri,Mar,11,08:47:37,2022
Fri,Mar,11,08:47:44,2022
Fri,Mar,11,08:47:52,2022
Fri,Mar,11,08:47:58,2022
Fri,Mar,11,08:48:04,2022
Fri,Mar,11,08:48:12,2022
Fri,Mar,11,08:48:19,2022
Fri,Mar,11,08:48:28,2022
Fri,Mar,11,08:48:36,2022
Fri,Mar,11,08:48:43,2022
Fri,Mar,11,08:48:50,2022
Fri,Mar,11,08:48:55,2022
Fri,Mar,11,08:49:03,2022
Fri,Mar,11,08:49:10,2022
Fri,Mar,11,08:49:18,2022
Fri,Mar,11,08:49:26,2022
Fri,Mar,11,08:49:35,2022
Fri,Mar,11,08:49:42,2022
Fri,Mar,11,08:49:50,2022
Fri,Mar,11,08:49:55,2022
Fri,Mar,11,08:50:00,2022
Fri,Mar,11,08:50:07,2022
Fri,Mar,11,08:50:13,2022
Fri,Mar,11,08:50:21,2022
Fri,Mar,11,08:50:27,2022
Fri,Mar,11,08:50:34,2022
Fri,Mar,11,08:50:43,2022
Fri,Mar,11,08:50:53,2022
Fri,Mar,11,08:51:02,2022
Fri,Mar,11,08:51:08,2022
Fri,Mar,11,08:51:15,2022
Fri,Mar,11,08:51:22,2022
Fri,Mar,11,08:51:31,2022
Fri,Mar,11,08:51:38,2022
Fri,Mar,11,08:51:43,2022
Fri,Mar,11,08:51:51,2022
Fri,Mar,11,08:51:56,2022
Fri,Mar,11,08:52:01,2022
Fri,Mar,11,08:52:10,2022
Fri,Mar,11,08:52:17,2022
Fri,Mar,11,08:52:24,2022
Fri,Mar,11,08:52:30,2022
Fri,Mar,11,08:52:38,2022
Fri,Mar,11,08:52:45,2022
Fri,Mar,11,08:52:54,2022
Fri,Mar,11,08:53:00,2022
Fri,Mar,11,08:53:09,2022
Fri,Mar,11,08:53:17,2022
Fri,Mar,11,08:53:22,2022
Fri,Mar,11,08:53:29,2022
Fri,Mar,11,08:53:34,2022
Fri,Mar,11,08:53:41,2022
Fri,Mar,11,08:53:48,2022
Fri,Mar,11,08:53:54,2022
Fri,Mar,11,08:54:01,2022
Fri,Mar,11,08:54:06,2022
Fri,Mar,11,08:54:15,2022
Fri,Mar,11,08:54:20,2022
Fri,Mar,11,08:54:25,2022
Fri,Mar,11,08:54:34,2022
Fri,Mar,11,08:54:39,2022
Fri,Mar,11,08:54:46,2022
Fri,Mar,11,08:54:54,2022
Fri,Mar,11,08:55:01,2022
Fri,Mar,11,08:55:06,2022
Fri,Mar,11,08:55:14,2022
Fri,Mar,11,08:55:21,2022
Fri,Mar,11,08:55:30,2022
Fri,Mar,11,08:55:35,2022
Fri,Mar,11,08:55:42,2022
Fri,Mar,11,08:55:47,2022
Fri,Mar,11,08:55:55,2022
Fri,Mar,11,08:56:01,2022
Fri,Mar,11,08:56:07,2022
Fri,Mar,11,08:56:16,2022
Fri,Mar,11,08:56:21,2022
Fri,Mar,11,08:56:26,2022
Fri,Mar,11,08:56:32,2022
Fri,Mar,11,08:56:37,2022
Fri,Mar,11,08:56:44,2022
Fri,Mar,11,08:56:49,2022
Fri,Mar,11,08:56:56,2022
Fri,Mar,11,08:57:03,2022
Fri,Mar,11,08:57:10,2022
Fri,Mar,11,08:57:15,2022
Fri,Mar,11,08:57:22,2022
Fri,Mar,11,08:57:30,2022
Fri,Mar,11,08:57:38,2022
Fri,Mar,11,08:57:46,2022
Fri,Mar,11,08:57:54,2022
Fri,Mar,11,08:58:00,2022
Fri,Mar,11,08:58:08,2022
Fri,Mar,11,08:58:15,2022
Fri,Mar,11,08:58:20,2022
Fri,Mar,11,08:58:28,2022
Fri,Mar,11,08:58:34,2022
Fri,Mar,11,08:58:39,2022
Fri,Mar,11,08:58:45,2022
Fri,Mar,11,08:58:53,2022
Fri,Mar,11,08:59:00,2022
Fri,Mar,11,08:59:05,2022
Fri,Mar,11,08:59:13,2022
Fri,Mar,11,08:59:19,2022
Fri,Mar,11,08:59:25,2022
Fri,Mar,11,08:59:32,2022
Fri,Mar,11,08:59:39,2022
Fri,Mar,11,08:59:45,2022
Fri,Mar,11,08:59:51,2022
Fri,Mar,11,08:59:56,2022
Fri,Mar,11,09:00:05,2022
Fri,Mar,11,09:00:13,2022
Fri,Mar,11,09:00:20,2022
Fri,Mar,11,09:00:26,2022
Fri,Mar,11,09:00:32,2022
Fri,Mar,11,09:00:39,2022
Fri,Mar,11,09:00:45,2022
Fri,Mar,11,09:00:51,2022
Fri,Mar,11,09:00:59,2022
Fri,Mar,11,09:01:05,2022
Fri,Mar,11,09:01:10,2022
Fri,Mar,11,09:01:16,2022
Fri,Mar,11,09:01:24,2022
Fri,Mar,11,09:01:31,2022
Fri,Mar,11,09:01:40,2022
Fri,Mar,11,09:01:45,2022
Fri,Mar,11,09:01:52,2022
Fri,Mar,11,09:01:59,2022
Fri,Mar,11,09:02:07,2022
Fri,Mar,11,09:02:16,2022
Fri,Mar,11,09:02:24,2022
Fri,Mar,11,09:02:31,2022
Fri,Mar,11,09:02:39,2022
Fri,Mar,11,09:02:48,2022
Fri,Mar,11,09:02:54,2022
Fri,Mar,11,09:02:59,2022
Fri,Mar,11,09:03:04,2022
Fri,Mar,11,09:03:11,2022
Fri,Mar,11,09:03:19,2022
Fri,Mar,11,09:03:26,2022
Fri,Mar,11,09:03:36,2022
Fri,Mar,11,09:03:44,2022
Fri,Mar,11,09:03:53,2022
Fri,Mar,11,09:03:58,2022
Fri,Mar,11,09:04:05,2022
Fri,Mar,11,09:04:12,2022
Fri,Mar,11,09:04:21,2022
Fri,Mar,11,09:04:30,2022
Fri,Mar,11,09:04:38,2022
Fri,Mar,11,09:04:45,2022
Fri,Mar,11,09:04:51,2022
Fri,Mar,11,09:04:56,2022
Fri,Mar,11,09:05:05,2022
Fri,Mar,11,09:05:12,2022
Fri,Mar,11,09:05:19,2022
Fri,Mar,11,09:05:28,2022
Fri,Mar,11,09:05:34,2022
Fri,Mar,11,09:05:40,2022
Fri,Mar,11,09:05:48,2022
Fri,Mar,11,09:05:53,2022
Fri,Mar,11,09:06:02,2022
Fri,Mar,11,09:06:10,2022
Fri,Mar,11,09:06:19,2022
Fri,Mar,11,09:06:26,2022
Fri,Mar,11,09:06:34,2022
Fri,Mar,11,09:06:42,2022
Fri,Mar,11,09:06:49,2022
Fri,Mar,11,09:06:56,2022
Fri,Mar,11,09:07:04,2022
Fri,Mar,11,09:07:09,2022
Fri,Mar,11,09:07:15,2022
Fri,Mar,11,09:07:20,2022
Fri,Mar,11,09:07:29,2022
Fri,Mar,11,09:07:38,2022
Fri,Mar,11,09:07:44,2022
Fri,Mar,11,09:07:52,2022
Fri,Mar,11,09:07:57,2022
Fri,Mar,11,09:08:06,2022
Fri,Mar,11,09:08:11,2022
Fri,Mar,11,09:08:20,2022
Fri,Mar,11,09:08:25,2022
Fri,Mar,11,09:08:34,2022
Fri,Mar,11,09:08:40,2022
Fri,Mar,11,09:08:45,2022
Fri,Mar,11,09:08:51,2022
Fri,Mar,11,09:08:57,2022
Fri,Mar,11,09:09:04,2022
Fri,Mar,11,09:09:10,2022
Fri,Mar,11,09:09:18,2022
Fri,Mar,11,09:09:24,2022
Fri,Mar,11,09:09:33,2022
Fri,Mar,11,09:09:40,2022
Fri,Mar,11,09:09:46,2022
Fri,Mar,11,09:09:54,2022
Fri,Mar,11,09:10:00,2022
Fri,Mar,11,09:10:09,2022
Fri,Mar,11,09:10:18,2022
Fri,Mar,11,09:10:26,2022
Fri,Mar,11,09:10:31,2022
Fri,Mar,11,09:10:38,2022
Fri,Mar,11,09:10:45,2022
Fri,Mar,11,09:10:52,2022
Fri,Mar,11,09:10:57,2022
Fri,Mar,11,09:11:06,2022
Fri,Mar,11,09:11:11,2022
Fri,Mar,11,09:11:16,2022
Fri,Mar,11,09:11:23,2022
Fri,Mar,11,09:11:32,2022
Fri,Mar,11,09:11:39,2022
Fri,Mar,11,09:11:45,2022
Fri,Mar,11,09:11:50,2022
Fri,Mar,11,09:11:57,2022
Fri,Mar,11,09:12:05,2022
Fri,Mar,11,09:12:11,2022
Fri,Mar,11,09:12:18,2022
Fri,Mar,11,09:12:26,2022
Fri,Mar,11,09:12:33,2022
Fri,Mar,11,09:12:40,2022
Fri,Mar,11,09:12:46,2022
Fri,Mar,11,09:12:52,2022
Fri,Mar,11,09:12:57,2022
Fri,Mar,11,09:13:02,2022
Fri,Mar,11,09:13:10,2022
Fri,Mar,11,09:13:15,2022
Fri,Mar,11,09:13:22,2022
Fri,Mar,11,09:13:31,2022
Fri,Mar,11,09:13:40,2022
Fri,Mar,11,09:13:49,2022
Fri,Mar,11,09:13:58,2022
Fri,Mar,11,09:14:06,2022
Fri,Mar,11,09:14:12,2022
Fri,Mar,11,09:14:19,2022
Fri,Mar,11,09:14:25,2022
Fri,Mar,11,09:14:30,2022
Fri,Mar,11,09:14:35,2022
Fri,Mar,11,09:14:43,2022
Fri,Mar,11,09:14:52,2022
Fri,Mar,11,09:14:57,2022
Fri,Mar,11,09:15:02,2022
Fri,Mar,11,09:15:09,2022
Fri,Mar,11,09:15:17,2022
Fri,Mar,11,09:15:23,2022
Fri,Mar,11,09:15:28,2022
Fri,Mar,11,09:15:36,2022
Fri,Mar,11,09:15:43,2022
Fri,Mar,11,09:15:49,2022
Fri,Mar,11,09:15:57,2022
Fri,Mar,11,09:16:03,2022
Fri,Mar,11,09:16:12,2022
Fri,Mar,11,09:16:19,2022
Fri,Mar,11,09:16:26,2022
Fri,Mar,11,09:16:36,2022
Fri,Mar,11,09:16:44,2022
Fri,Mar,11,09:16:52,2022
Fri,Mar,11,09:17:00,2022
Fri,Mar,11,09:17:07,2022
Fri,Mar,11,09:17:15,2022
Fri,Mar,11,09:17:20,2022
Fri,Mar,11,09:17:26,2022
Fri,Mar,11,09:17:33,2022
Fri,Mar,11,09:17:40,2022
Fri,Mar,11,09:17:46,2022
Fri,Mar,11,09:17:51,2022
Fri,Mar,11,09:17:56,2022
Fri,Mar,11,09:18:05,2022
Fri,Mar,11,09:18:12,2022
Fri,Mar,11,09:18:18,2022
Fri,Mar,11,09:18:24,2022
Fri,Mar,11,09:18:33,2022
Fri,Mar,11,09:18:41,2022
Fri,Mar,11,09:18:47,2022
Fri,Mar,11,09:18:54,2022
Fri,Mar,11,09:19:03,2022
Fri,Mar,11,09:19:12,2022
Fri,Mar,11,09:19:18,2022
Fri,Mar,11,09:19:24,2022
Fri,Mar,11,09:19:29,2022
Fri,Mar,11,09:19:36,2022
Fri,Mar,11,09:19:42,2022
Fri,Mar,11,09:19:47,2022
Fri,Mar,11,09:19:56,2022
Fri,Mar,11,09:20:05,2022
Fri,Mar,11,09:20:12,2022
Fri,Mar,11,09:20:19,2022
Fri,Mar,11,09:20:28,2022
Fri,Mar,11,09:20:33,2022
Fri,Mar,11,09:20:39,2022
Fri,Mar,11,09:20:44,2022
Fri,Mar,11,09:20:51,2022
Fri,Mar,11,09:20:56,2022
Fri,Mar,11,09:21:04,2022
Fri,Mar,11,09:21:09,2022
Fri,Mar,11,09:21:14,2022
Fri,Mar,11,09:21:23,2022
Fri,Mar,11,09:21:31,2022
Fri,Mar,11,09:21:38,2022
Fri,Mar,11,09:21:43,2022
Fri,Mar,11,09:21:48,2022
Fri,Mar,11,09:21:57,2022
Fri,Mar,11,09:22:04,2022
Fri,Mar,11,09:22:09,2022
Fri,Mar,11,09:22:18,2022
Fri,Mar,11,09:22:27,2022
Fri,Mar,11,09:22:33,2022
Fri,Mar,11,09:22:40,2022
Fri,Mar,11,09:22:49,2022
Fri,Mar,11,09:22:54,2022
Fri,Mar,11,09:23:02,2022
Fri,Mar,11,09:23:07,2022
Fri,Mar,11,09:23:12,2022
Fri,Mar,11,09:23:17,2022
Fri,Mar,11,09:23:24,2022
Fri,Mar,11,09:23:33,2022
Fri,Mar,11,09:23:42,2022
Fri,Mar,11,09:23:51,2022
Fri,Mar,11,09:23:57,2022
Fri,Mar,11,09:24:02,2022
Fri,Mar,11,09:24:11,2022
Fri,Mar,11,09:24:16,2022
Fri,Mar,11,09:24:22,2022
Fri,Mar,11,09:24:31,2022
Fri,Mar,11,09:24:38,2022
Fri,Mar,11,09:24:45,2022
Fri,Mar,11,09:24:54,2022
Fri,Mar,11,09:25:02,2022
Fri,Mar,11,09:25:11,2022
Fri,Mar,11,09:25:18,2022
Fri,Mar,11,09:25:25,2022
Fri,Mar,11,09:25:31,2022
Fri,Mar,11,09:25:37,2022
Fri,Mar,11,09:25:43,2022
Fri,Mar,11,09:25:48,2022
Fri,Mar,11,09:25:54,2022
Fri,Mar,11,09:26:03,2022
Fri,Mar,11,09:26:09,2022
Fri,Mar,11,09:26:18,2022
Fri,Mar,11,09:26:27,2022
Fri,Mar,11,09:26:32,2022
Fri,Mar,11,09:26:39,2022
Fri,Mar,11,09:26:47,2022
Fri,Mar,11,09:26:55,2022
Fri,Mar,11,13:38:50,2022
Fri,Mar,11,13:38:50,2022
Fri,Mar,11,13:38:57,2022
Fri,Mar,11,13:39:04,2022
Fri,Mar,11,13:39:12,2022
Fri,Mar,11,13:39:19,2022
Fri,Mar,11,13:39:28,2022
Fri,Mar,11,13:39:34,2022
Fri,Mar,11,13:39:43,2022
Fri,Mar,11,13:39:49,2022
Fri,Mar,11,13:39:57,2022
Fri,Mar,11,13:40:05,2022
Fri,Mar,11,13:40:12,2022
Fri,Mar,11,13:40:21,2022
Fri,Mar,11,13:40:28,2022
Fri,Mar,11,13:40:35,2022
Fri,Mar,11,13:40:40,2022
Fri,Mar,11,13:40:46,2022
Fri,Mar,11,13:40:51,2022
Fri,Mar,11,13:40:56,2022
Fri,Mar,11,13:41:03,2022
Fri,Mar,11,13:41:11,2022
Fri,Mar,11,13:41:18,2022
Fri,Mar,11,13:41:26,2022
Fri,Mar,11,13:41:35,2022
Fri,Mar,11,13:41:44,2022
Fri,Mar,11,13:41:50,2022
Fri,Mar,11,13:41:58,2022
Fri,Mar,11,13:42:05,2022
Fri,Mar,11,13:42:12,2022
Fri,Mar,11,13:42:20,2022
Fri,Mar,11,13:42:29,2022
Fri,Mar,11,13:42:37,2022
Fri,Mar,11,13:42:46,2022
Fri,Mar,11,13:42:53,2022
Fri,Mar,11,13:43:02,2022
Fri,Mar,11,13:43:07,2022
Fri,Mar,11,13:43:12,2022
Fri,Mar,11,13:43:17,2022
Fri,Mar,11,13:43:22,2022
Fri,Mar,11,13:43:28,2022
Fri,Mar,11,13:43:35,2022
Fri,Mar,11,13:43:41,2022
Fri,Mar,11,13:43:50,2022
Fri,Mar,11,13:43:55,2022
Fri,Mar,11,13:44:01,2022
Fri,Mar,11,13:44:10,2022
Fri,Mar,11,13:44:19,2022
Fri,Mar,11,13:44:24,2022
Fri,Mar,11,13:44:31,2022
Fri,Mar,11,13:44:39,2022
Fri,Mar,11,13:44:47,2022
Fri,Mar,11,13:44:53,2022
Fri,Mar,11,13:45:01,2022
Fri,Mar,11,13:45:08,2022
Fri,Mar,11,13:45:13,2022
Fri,Mar,11,13:45:20,2022
Fri,Mar,11,13:45:28,2022
Fri,Mar,11,13:45:36,2022
Fri,Mar,11,13:45:41,2022
Fri,Mar,11,13:45:46,2022
Fri,Mar,11,13:45:55,2022
Fri,Mar,11,13:46:04,2022
Fri,Mar,11,13:46:09,2022
Fri,Mar,11,13:46:17,2022
Fri,Mar,11,13:46:26,2022
Fri,Mar,11,13:46:35,2022
Fri,Mar,11,13:46:40,2022
Fri,Mar,11,13:46:48,2022
Fri,Mar,11,13:46:56,2022
Fri,Mar,11,13:47:02,2022
Fri,Mar,11,13:47:09,2022
Fri,Mar,11,13:47:18,2022
Fri,Mar,11,13:47:26,2022
Fri,Mar,11,13:47:35,2022
Fri,Mar,11,13:47:40,2022
Fri,Mar,11,13:47:48,2022
Fri,Mar,11,13:47:54,2022
Fri,Mar,11,13:48:02,2022
Fri,Mar,11,13:48:08,2022
Fri,Mar,11,13:48:17,2022
Fri,Mar,11,13:48:26,2022
Fri,Mar,11,13:48:32,2022
Fri,Mar,11,13:48:37,2022
Fri,Mar,11,13:48:46,2022
Fri,Mar,11,13:48:55,2022
Fri,Mar,11,13:49:03,2022
Fri,Mar,11,13:49:10,2022
Fri,Mar,11,13:49:17,2022
Fri,Mar,11,13:49:22,2022
Fri,Mar,11,13:49:28,2022
Fri,Mar,11,13:49:36,2022
Fri,Mar,11,13:49:41,2022
Fri,Mar,11,13:49:49,2022
Fri,Mar,11,13:49:58,2022
Fri,Mar,11,13:50:06,2022
Fri,Mar,11,13:50:15,2022
Fri,Mar,11,13:50:20,2022
Fri,Mar,11,13:50:27,2022
Fri,Mar,11,13:50:34,2022
Fri,Mar,11,13:50:40,2022
Fri,Mar,11,13:50:46,2022
Fri,Mar,11,13:50:51,2022
Fri,Mar,11,13:50:57,2022
Fri,Mar,11,13:51:04,2022
Fri,Mar,11,13:51:13,2022
Fri,Mar,11,13:51:18,2022
Fri,Mar,11,13:51:24,2022
Fri,Mar,11,13:51:32,2022
Fri,Mar,11,13:51:39,2022
Fri,Mar,11,13:51:48,2022
Fri,Mar,11,13:51:54,2022
Fri,Mar,11,13:52:01,2022
Fri,Mar,11,13:52:08,2022
Fri,Mar,11,13:52:15,2022
Fri,Mar,11,13:52:22,2022
Fri,Mar,11,13:52:28,2022
Fri,Mar,11,13:52:34,2022
Fri,Mar,11,13:52:40,2022
Fri,Mar,11,13:52:45,2022
Fri,Mar,11,13:52:53,2022
Fri,Mar,11,13:53:00,2022
Fri,Mar,11,13:53:07,2022
Fri,Mar,11,13:53:13,2022
Fri,Mar,11,13:53:18,2022
Fri,Mar,11,13:53:26,2022
Fri,Mar,11,13:53:31,2022
Fri,Mar,11,13:53:39,2022
Fri,Mar,11,13:53:46,2022
Fri,Mar,11,13:53:51,2022
Fri,Mar,11,13:54:00,2022
Fri,Mar,11,13:54:08,2022
Fri,Mar,11,13:54:13,2022
Fri,Mar,11,13:54:20,2022
Fri,Mar,11,13:54:28,2022
Fri,Mar,11,13:54:33,2022
Fri,Mar,11,13:54:38,2022
Fri,Mar,11,13:54:44,2022
Fri,Mar,11,13:54:50,2022
Fri,Mar,11,13:54:56,2022
Fri,Mar,11,13:55:01,2022
Fri,Mar,11,13:55:09,2022
Fri,Mar,11,13:55:15,2022
Fri,Mar,11,13:55:23,2022
Fri,Mar,11,13:55:30,2022
Fri,Mar,11,13:55:37,2022
Fri,Mar,11,13:55:46,2022
Fri,Mar,11,13:55:51,2022
Fri,Mar,11,13:55:56,2022
Fri,Mar,11,13:56:01,2022
Fri,Mar,11,13:56:06,2022
Fri,Mar,11,13:56:11,2022
Fri,Mar,11,13:56:16,2022
Fri,Mar,11,13:56:22,2022
Fri,Mar,11,13:56:28,2022
Fri,Mar,11,13:56:36,2022
Fri,Mar,11,13:56:44,2022
Fri,Mar,11,13:56:49,2022
Fri,Mar,11,13:56:58,2022
Fri,Mar,11,13:57:03,2022
Fri,Mar,11,13:57:09,2022
Fri,Mar,11,13:57:15,2022
Fri,Mar,11,13:57:20,2022
Fri,Mar,11,13:57:26,2022
Fri,Mar,11,13:57:33,2022
Fri,Mar,11,13:57:40,2022
Fri,Mar,11,13:57:49,2022
Fri,Mar,11,13:57:57,2022
Fri,Mar,11,13:58:02,2022
Fri,Mar,11,13:58:09,2022
Fri,Mar,11,13:58:17,2022
Fri,Mar,11,13:58:25,2022
Fri,Mar,11,13:58:32,2022
Fri,Mar,11,13:58:37,2022
Fri,Mar,11,13:58:44,2022
Fri,Mar,11,13:58:51,2022
Fri,Mar,11,13:58:59,2022
Fri,Mar,11,13:59:07,2022
Fri,Mar,11,13:59:14,2022
Fri,Mar,11,13:59:19,2022
Fri,Mar,11,13:59:25,2022
Fri,Mar,11,13:59:33,2022
Fri,Mar,11,13:59:41,2022
Fri,Mar,11,13:59:48,2022
Fri,Mar,11,13:59:56,2022
Fri,Mar,11,14:00:03,2022
Fri,Mar,11,14:00:10,2022
Fri,Mar,11,14:00:15,2022
Fri,Mar,11,14:00:24,2022
Fri,Mar,11,14:00:33,2022
Fri,Mar,11,14:00:41,2022
Fri,Mar,11,14:00:47,2022
Fri,Mar,11,14:00:53,2022
Fri,Mar,11,14:01:02,2022
Fri,Mar,11,14:01:11,2022
Fri,Mar,11,14:01:18,2022
Fri,Mar,11,14:01:25,2022
Fri,Mar,11,14:01:31,2022
Fri,Mar,11,14:01:39,2022
Fri,Mar,11,14:01:45,2022
Fri,Mar,11,18:24:33,2022
Fri,Mar,11,18:24:33,2022
Fri,Mar,11,18:24:40,2022
Fri,Mar,11,18:24:48,2022
Fri,Mar,11,18:24:55,2022
Fri,Mar,11,18:25:02,2022
Fri,Mar,11,18:25:07,2022
Fri,Mar,11,18:25:12,2022
Fri,Mar,11,18:25:19,2022
Fri,Mar,11,18:25:26,2022
Fri,Mar,11,18:25:34,2022
Fri,Mar,11,18:25:40,2022
Fri,Mar,11,18:25:49,2022
Fri,Mar,11,18:25:55,2022
Fri,Mar,11,18:26:03,2022
Fri,Mar,11,18:26:08,2022
Fri,Mar,11,18:26:13,2022
Fri,Mar,11,18:26:21,2022
Fri,Mar,11,18:26:28,2022
Fri,Mar,11,18:26:33,2022
Fri,Mar,11,18:26:39,2022
Fri,Mar,11,18:26:48,2022
Fri,Mar,11,18:26:53,2022
Fri,Mar,11,18:27:01,2022
Fri,Mar,11,18:27:06,2022
Fri,Mar,11,18:27:13,2022
Fri,Mar,11,18:27:20,2022
Fri,Mar,11,18:27:25,2022
Fri,Mar,11,18:27:34,2022
Fri,Mar,11,18:27:41,2022
Fri,Mar,11,18:27:48,2022
Fri,Mar,11,18:27:55,2022
Fri,Mar,11,18:28:03,2022
Fri,Mar,11,18:28:11,2022
Fri,Mar,11,18:28:20,2022
Fri,Mar,11,18:28:25,2022
Fri,Mar,11,18:28:32,2022
Fri,Mar,11,18:28:39,2022
Fri,Mar,11,18:28:45,2022
Fri,Mar,11,18:28:51,2022
Fri,Mar,11,18:28:56,2022
Fri,Mar,11,18:29:02,2022
Fri,Mar,11,18:29:10,2022
Fri,Mar,11,18:29:16,2022
Fri,Mar,11,18:29:25,2022
Fri,Mar,11,18:29:32,2022
Fri,Mar,11,18:29:38,2022
Fri,Mar,11,18:29:47,2022
Fri,Mar,11,18:29:52,2022
Fri,Mar,11,18:29:58,2022
Fri,Mar,11,18:30:04,2022
Fri,Mar,11,18:30:10,2022
Fri,Mar,11,18:30:18,2022
Fri,Mar,11,18:30:24,2022
Fri,Mar,11,18:30:33,2022
Fri,Mar,11,18:30:40,2022
Fri,Mar,11,18:30:48,2022
Fri,Mar,11,18:30:58,2022
Fri,Mar,11,18:31:04,2022
Fri,Mar,11,18:31:12,2022
Fri,Mar,11,18:31:18,2022
Fri,Mar,11,18:31:27,2022
Fri,Mar,11,18:31:36,2022
Fri,Mar,11,18:31:43,2022
Fri,Mar,11,18:31:52,2022
Fri,Mar,11,18:31:57,2022
Fri,Mar,11,18:32:06,2022
Fri,Mar,11,18:32:14,2022
Fri,Mar,11,18:32:19,2022
Fri,Mar,11,18:32:28,2022
Fri,Mar,11,18:32:33,2022
Fri,Mar,11,18:32:38,2022
Fri,Mar,11,18:32:47,2022
Fri,Mar,11,18:32:55,2022
Fri,Mar,11,18:33:00,2022
Fri,Mar,11,18:33:06,2022
Fri,Mar,11,18:33:11,2022
Fri,Mar,11,18:33:20,2022
Fri,Mar,11,18:33:26,2022
Fri,Mar,11,18:33:32,2022
Fri,Mar,11,18:33:40,2022
Fri,Mar,11,18:33:47,2022
Fri,Mar,11,18:33:53,2022
Fri,Mar,11,18:34:02,2022
Fri,Mar,11,18:34:07,2022
Fri,Mar,11,18:34:15,2022
Fri,Mar,11,18:34:20,2022
Fri,Mar,11,18:34:29,2022
Fri,Mar,11,18:34:35,2022
Fri,Mar,11,18:34:41,2022
Fri,Mar,11,18:34:49,2022
Fri,Mar,11,18:34:56,2022
Fri,Mar,11,18:35:05,2022
Fri,Mar,11,18:35:10,2022
Fri,Mar,11,18:35:16,2022
Fri,Mar,11,18:35:25,2022
Fri,Mar,11,18:35:31,2022
Fri,Mar,11,18:35:36,2022
Fri,Mar,11,18:35:41,2022
Fri,Mar,11,18:35:48,2022
Fri,Mar,11,18:35:55,2022
Fri,Mar,11,18:36:03,2022
Fri,Mar,11,18:36:09,2022
Fri,Mar,11,18:36:17,2022
Fri,Mar,11,18:36:25,2022
Fri,Mar,11,18:36:32,2022
Fri,Mar,11,18:36:39,2022
Fri,Mar,11,18:36:47,2022
Fri,Mar,11,18:36:53,2022
Fri,Mar,11,18:36:58,2022
Fri,Mar,11,18:37:03,2022
Fri,Mar,11,18:37:09,2022
Fri,Mar,11,18:37:17,2022
Fri,Mar,11,18:37:23,2022
Fri,Mar,11,18:37:31,2022
Fri,Mar,11,18:37:36,2022
Fri,Mar,11,18:37:42,2022
Fri,Mar,11,18:37:48,2022
Fri,Mar,11,18:37:55,2022
Fri,Mar,11,18:38:04,2022
Fri,Mar,11,18:38:13,2022
Fri,Mar,11,18:38:18,2022
Fri,Mar,11,18:38:27,2022
Fri,Mar,11,18:38:33,2022
Fri,Mar,11,18:38:38,2022
Fri,Mar,11,18:38:45,2022
Fri,Mar,11,18:38:50,2022
Fri,Mar,11,18:38:57,2022
Fri,Mar,11,18:39:03,2022
Fri,Mar,11,18:39:10,2022
Fri,Mar,11,18:39:15,2022
Fri,Mar,11,18:39:20,2022
Fri,Mar,11,18:39:25,2022
Fri,Mar,11,18:39:34,2022
Fri,Mar,11,18:39:43,2022
Fri,Mar,11,18:39:49,2022
Fri,Mar,11,18:39:58,2022
Fri,Mar,11,18:40:03,2022
Fri,Mar,11,18:40:12,2022
Fri,Mar,11,18:40:17,2022
Fri,Mar,11,18:40:24,2022
Fri,Mar,11,18:40:32,2022
Fri,Mar,11,18:40:38,2022
Fri,Mar,11,18:40:47,2022
Fri,Mar,11,18:40:56,2022
Fri,Mar,11,18:41:04,2022
Fri,Mar,11,18:41:13,2022
Fri,Mar,11,18:41:18,2022
Fri,Mar,11,18:41:23,2022
Fri,Mar,11,18:41:31,2022
Fri,Mar,11,18:41:38,2022
Fri,Mar,11,18:41:43,2022
Fri,Mar,11,18:41:48,2022
Fri,Mar,11,18:41:57,2022
Fri,Mar,11,18:42:06,2022
Fri,Mar,11,18:42:12,2022
Fri,Mar,11,18:42:17,2022
Fri,Mar,11,18:42:25,2022
Fri,Mar,11,18:42:31,2022
Fri,Mar,11,18:42:37,2022
Fri,Mar,11,18:42:45,2022
Fri,Mar,11,18:42:50,2022
Fri,Mar,11,18:42:55,2022
Fri,Mar,11,18:43:03,2022
Fri,Mar,11,18:43:08,2022
Fri,Mar,11,18:43:17,2022
Fri,Mar,11,18:43:23,2022
Fri,Mar,11,18:43:28,2022
Fri,Mar,11,18:43:36,2022
Fri,Mar,11,18:43:44,2022
Fri,Mar,11,18:43:49,2022
Fri,Mar,11,18:43:55,2022
Fri,Mar,11,18:44:03,2022
Fri,Mar,11,18:44:11,2022
Fri,Mar,11,18:44:18,2022
Fri,Mar,11,18:44:23,2022
Fri,Mar,11,18:44:32,2022
Fri,Mar,11,18:44:38,2022
Fri,Mar,11,18:44:44,2022
Fri,Mar,11,18:44:51,2022
Fri,Mar,11,18:44:56,2022
Fri,Mar,11,18:45:05,2022
Fri,Mar,11,18:45:11,2022
Fri,Mar,11,18:45:19,2022
Fri,Mar,11,18:45:25,2022
Fri,Mar,11,18:45:30,2022
Fri,Mar,11,18:45:35,2022
Fri,Mar,11,18:45:40,2022
Fri,Mar,11,18:45:49,2022
Fri,Mar,11,18:45:57,2022
Fri,Mar,11,18:46:06,2022
Fri,Mar,11,18:46:14,2022
Fri,Mar,11,18:46:21,2022
Fri,Mar,11,18:46:30,2022
Fri,Mar,11,18:46:35,2022
Fri,Mar,11,18:46:41,2022
Fri,Mar,11,18:46:50,2022
Fri,Mar,11,18:46:55,2022
Fri,Mar,11,18:47:03,2022
Fri,Mar,11,18:47:08,2022
Fri,Mar,11,20:28:11,2022
Fri,Mar,11,20:28:11,2022
Fri,Mar,11,20:28:16,2022
Fri,Mar,11,20:28:25,2022
Fri,Mar,11,20:28:33,2022
Fri,Mar,11,20:28:41,2022
Fri,Mar,11,20:28:50,2022
Fri,Mar,11,20:28:57,2022
Fri,Mar,11,20:29:05,2022
Fri,Mar,11,20:29:13,2022
Fri,Mar,11,20:29:18,2022
Fri,Mar,11,20:29:26,2022
Fri,Mar,11,20:29:34,2022
Fri,Mar,11,20:29:43,2022
Fri,Mar,11,20:29:51,2022
Fri,Mar,11,20:29:57,2022
Fri,Mar,11,20:30:02,2022
Fri,Mar,11,20:30:07,2022
Fri,Mar,11,20:30:16,2022
Fri,Mar,11,20:30:23,2022
Fri,Mar,11,20:30:28,2022
Fri,Mar,11,20:30:37,2022
Fri,Mar,11,20:30:44,2022
Fri,Mar,11,20:30:53,2022
Fri,Mar,11,20:31:02,2022
Fri,Mar,11,20:31:10,2022
Fri,Mar,11,20:31:15,2022
Fri,Mar,11,20:31:21,2022
Fri,Mar,11,20:31:27,2022
Fri,Mar,11,20:31:36,2022
Fri,Mar,11,20:31:41,2022
Fri,Mar,11,20:31:48,2022
Fri,Mar,11,20:31:54,2022
Fri,Mar,11,20:32:03,2022
Fri,Mar,11,20:32:12,2022
Fri,Mar,11,20:32:19,2022
Fri,Mar,11,20:32:24,2022
Fri,Mar,11,20:32:32,2022
Fri,Mar,11,20:32:40,2022
Fri,Mar,11,20:32:46,2022
Fri,Mar,11,20:32:52,2022
Fri,Mar,11,20:32:58,2022
Fri,Mar,11,20:33:04,2022
Fri,Mar,11,20:33:10,2022
Fri,Mar,11,20:33:15,2022
Fri,Mar,11,20:33:21,2022
Fri,Mar,11,20:33:29,2022
Fri,Mar,11,20:33:34,2022
Fri,Mar,11,20:33:43,2022
Fri,Mar,11,20:33:48,2022
Fri,Mar,11,20:33:56,2022
Fri,Mar,11,20:34:04,2022
Fri,Mar,11,20:34:12,2022
Fri,Mar,11,20:34:18,2022
Fri,Mar,11,20:34:24,2022
Fri,Mar,11,20:34:31,2022
Fri,Mar,11,20:34:40,2022
Fri,Mar,11,20:34:49,2022
Fri,Mar,11,20:34:56,2022
Fri,Mar,11,20:35:01,2022
Fri,Mar,11,20:35:09,2022
Fri,Mar,11,20:35:14,2022
Fri,Mar,11,20:35:22,2022
Fri,Mar,11,20:35:28,2022
Fri,Mar,11,20:35:34,2022
Fri,Mar,11,20:35:41,2022
Fri,Mar,11,20:35:49,2022
Fri,Mar,11,20:35:54,2022
Fri,Mar,11,20:36:02,2022
Fri,Mar,11,20:36:08,2022
Fri,Mar,11,20:36:14,2022
Fri,Mar,11,20:36:19,2022
Fri,Mar,11,20:36:25,2022
Fri,Mar,11,20:36:30,2022
Fri,Mar,11,20:36:37,2022
Fri,Mar,11,20:36:46,2022
Fri,Mar,11,20:36:53,2022
Fri,Mar,11,20:36:58,2022
Fri,Mar,11,20:37:03,2022
Fri,Mar,11,20:37:08,2022
Fri,Mar,11,20:37:13,2022
Fri,Mar,11,20:37:20,2022
Fri,Mar,11,20:37:27,2022
Fri,Mar,11,20:37:36,2022
Fri,Mar,11,20:37:45,2022
Fri,Mar,11,20:37:51,2022
Fri,Mar,11,20:37:58,2022
Fri,Mar,11,20:38:05,2022
Fri,Mar,11,20:38:11,2022
Fri,Mar,11,20:38:17,2022
Fri,Mar,11,20:38:23,2022
Fri,Mar,11,20:38:30,2022
Fri,Mar,11,20:38:39,2022
Fri,Mar,11,20:38:44,2022
Fri,Mar,11,20:38:51,2022
Fri,Mar,11,20:38:57,2022
Fri,Mar,11,20:39:04,2022
Fri,Mar,11,20:39:13,2022
Fri,Mar,11,20:39:22,2022
Fri,Mar,11,20:39:31,2022
Fri,Mar,11,20:39:40,2022
Fri,Mar,11,20:39:46,2022
Fri,Mar,11,20:39:54,2022
Fri,Mar,11,20:40:01,2022
Fri,Mar,11,20:40:07,2022
Fri,Mar,11,20:40:14,2022
Fri,Mar,11,20:40:20,2022
Fri,Mar,11,20:40:28,2022
Fri,Mar,11,20:40:37,2022
Fri,Mar,11,20:40:45,2022
Fri,Mar,11,20:40:50,2022
Fri,Mar,11,20:40:55,2022
Fri,Mar,11,20:41:03,2022
Fri,Mar,11,20:41:09,2022
Fri,Mar,11,20:41:14,2022
Fri,Mar,11,20:41:21,2022
Fri,Mar,11,20:41:30,2022
Fri,Mar,11,20:41:39,2022
Fri,Mar,11,20:41:45,2022
Fri,Mar,11,20:41:50,2022
Fri,Mar,11,20:41:57,2022
Fri,Mar,11,20:42:06,2022
Fri,Mar,11,20:42:13,2022
Fri,Mar,11,20:42:18,2022
Fri,Mar,11,20:42:24,2022
Fri,Mar,11,20:42:33,2022
Fri,Mar,11,20:42:39,2022
Fri,Mar,11,20:42:48,2022
Fri,Mar,11,20:42:54,2022
Fri,Mar,11,20:43:00,2022
Fri,Mar,11,20:43:07,2022
Fri,Mar,11,20:43:14,2022
Fri,Mar,11,20:43:23,2022
Fri,Mar,11,20:43:31,2022
Fri,Mar,11,20:43:39,2022
Fri,Mar,11,20:43:47,2022
Fri,Mar,11,20:43:55,2022
Fri,Mar,11,20:44:04,2022
Fri,Mar,11,20:44:09,2022
Fri,Mar,11,20:44:14,2022
Fri,Mar,11,20:44:22,2022
Fri,Mar,11,20:44:29,2022
Fri,Mar,11,20:44:38,2022
Fri,Mar,11,20:44:43,2022
Fri,Mar,11,20:44:48,2022
Fri,Mar,11,20:44:57,2022
Fri,Mar,11,20:45:06,2022
Fri,Mar,11,20:45:13,2022
Fri,Mar,11,20:45:22,2022
Fri,Mar,11,20:45:27,2022
Fri,Mar,11,20:45:36,2022
Fri,Mar,11,20:45:42,2022
Fri,Mar,11,20:45:47,2022
Fri,Mar,11,20:45:56,2022
Fri,Mar,11,20:46:01,2022
Fri,Mar,11,20:46:07,2022
Fri,Mar,11,20:46:16,2022
Fri,Mar,11,20:46:25,2022
Fri,Mar,11,20:46:34,2022
Fri,Mar,11,20:46:41,2022
Fri,Mar,11,20:46:46,2022
Fri,Mar,11,20:46:53,2022
Fri,Mar,11,20:46:59,2022
Fri,Mar,11,20:47:04,2022
Fri,Mar,11,20:47:11,2022
Fri,Mar,11,20:47:17,2022
Fri,Mar,11,20:47:26,2022
Fri,Mar,11,20:47:31,2022
Fri,Mar,11,20:47:37,2022
Fri,Mar,11,20:47:45,2022
Fri,Mar,11,20:47:53,2022
Fri,Mar,11,20:48:02,2022
Fri,Mar,11,20:48:09,2022
Fri,Mar,11,20:48:17,2022
Fri,Mar,11,20:48:22,2022
Fri,Mar,11,20:48:28,2022
Fri,Mar,11,20:48:33,2022
Fri,Mar,11,20:48:38,2022
Fri,Mar,11,20:48:47,2022
Fri,Mar,11,20:48:52,2022
Fri,Mar,11,20:48:57,2022
Fri,Mar,11,20:49:03,2022
Fri,Mar,11,20:49:09,2022
Fri,Mar,11,20:49:14,2022
Fri,Mar,11,20:49:19,2022
Fri,Mar,11,20:49:25,2022
Fri,Mar,11,20:49:30,2022
Fri,Mar,11,20:49:38,2022
Fri,Mar,11,20:49:44,2022
Fri,Mar,11,20:49:50,2022
Fri,Mar,11,20:49:59,2022
Fri,Mar,11,20:50:07,2022
Fri,Mar,11,20:50:16,2022
Fri,Mar,11,20:50:25,2022
Fri,Mar,11,20:50:33,2022
Fri,Mar,11,20:50:41,2022
Fri,Mar,11,20:50:50,2022
Fri,Mar,11,20:50:56,2022
Fri,Mar,11,20:51:05,2022
Fri,Mar,11,20:51:12,2022
Fri,Mar,11,20:51:19,2022
Fri,Mar,11,20:51:26,2022
Fri,Mar,11,20:51:31,2022
Fri,Mar,11,20:51:40,2022
Fri,Mar,11,20:51:47,2022
Fri,Mar,11,20:51:53,2022
Fri,Mar,11,20:52:02,2022
Fri,Mar,11,20:52:09,2022
Fri,Mar,11,20:52:16,2022
Fri,Mar,11,20:52:23,2022
Fri,Mar,11,20:52:30,2022
Fri,Mar,11,20:52:38,2022
Fri,Mar,11,20:52:47,2022
Fri,Mar,11,20:52:54,2022
Fri,Mar,11,20:53:00,2022
Fri,Mar,11,20:53:08,2022
Fri,Mar,11,20:53:16,2022
Fri,Mar,11,20:53:23,2022
Fri,Mar,11,20:53:29,2022
Fri,Mar,11,20:53:37,2022
Fri,Mar,11,20:53:43,2022
Fri,Mar,11,20:53:48,2022
Fri,Mar,11,20:53:53,2022
Fri,Mar,11,20:54:00,2022
Fri,Mar,11,20:54:05,2022
Fri,Mar,11,20:54:12,2022
Fri,Mar,11,20:54:17,2022
Fri,Mar,11,20:54:22,2022
Fri,Mar,11,20:54:28,2022
Fri,Mar,11,20:54:35,2022
Fri,Mar,11,20:54:43,2022
Fri,Mar,11,20:54:49,2022
Fri,Mar,11,20:54:57,2022
Fri,Mar,11,20:55:02,2022
Fri,Mar,11,20:55:11,2022
Fri,Mar,11,20:55:16,2022
Fri,Mar,11,20:55:21,2022
Fri,Mar,11,20:55:27,2022
Fri,Mar,11,20:55:34,2022
Fri,Mar,11,20:55:42,2022
Fri,Mar,11,20:55:48,2022
Fri,Mar,11,20:55:53,2022
Fri,Mar,11,20:55:59,2022
Fri,Mar,11,20:56:07,2022
Fri,Mar,11,20:56:12,2022
Fri,Mar,11,20:56:19,2022
Fri,Mar,11,20:56:26,2022
Fri,Mar,11,20:56:32,2022
Fri,Mar,11,20:56:41,2022
Fri,Mar,11,20:56:49,2022
Fri,Mar,11,20:56:56,2022
Fri,Mar,11,20:57:04,2022
Fri,Mar,11,20:57:10,2022
Fri,Mar,11,20:57:16,2022
Fri,Mar,11,20:57:25,2022
Fri,Mar,11,20:57:31,2022
Fri,Mar,11,20:57:38,2022
Fri,Mar,11,20:57:46,2022
Fri,Mar,11,20:57:55,2022
Fri,Mar,11,20:58:02,2022
Fri,Mar,11,20:58:08,2022
Fri,Mar,11,20:58:16,2022
Fri,Mar,11,20:58:24,2022
Fri,Mar,11,20:58:31,2022
Fri,Mar,11,20:58:39,2022
Fri,Mar,11,20:58:47,2022
Fri,Mar,11,20:58:52,2022
Fri,Mar,11,20:59:00,2022
Fri,Mar,11,20:59:07,2022
Fri,Mar,11,20:59:13,2022
Fri,Mar,11,20:59:21,2022
Fri,Mar,11,20:59:26,2022
Fri,Mar,11,20:59:34,2022
Fri,Mar,11,20:59:43,2022
Fri,Mar,11,20:59:49,2022
Fri,Mar,11,20:59:58,2022
Fri,Mar,11,21:00:05,2022
Fri,Mar,11,21:00:14,2022
Fri,Mar,11,21:00:21,2022
Fri,Mar,11,21:00:26,2022
Fri,Mar,11,21:00:35,2022
Fri,Mar,11,21:00:44,2022
Fri,Mar,11,21:00:52,2022
Fri,Mar,11,21:00:59,2022
Fri,Mar,11,21:01:06,2022
Fri,Mar,11,21:01:13,2022
Fri,Mar,11,21:01:20,2022
Fri,Mar,11,21:01:29,2022
Fri,Mar,11,21:01:38,2022
Fri,Mar,11,21:01:45,2022
Fri,Mar,11,21:01:53,2022
Fri,Mar,11,21:01:58,2022
Fri,Mar,11,21:02:06,2022
Fri,Mar,11,21:02:11,2022
Fri,Mar,11,21:02:17,2022
Fri,Mar,11,21:02:24,2022
Fri,Mar,11,21:02:31,2022
Fri,Mar,11,21:02:36,2022
Fri,Mar,11,21:02:43,2022
Fri,Mar,11,21:02:51,2022
Fri,Mar,11,21:02:59,2022
Fri,Mar,11,21:03:06,2022
Fri,Mar,11,21:03:11,2022
Fri,Mar,11,21:03:17,2022
Fri,Mar,11,21:03:23,2022
Fri,Mar,11,21:03:28,2022
Fri,Mar,11,21:03:36,2022
Fri,Mar,11,21:03:41,2022
Fri,Mar,11,21:03:48,2022
Fri,Mar,11,21:03:53,2022
Fri,Mar,11,21:03:59,2022
Fri,Mar,11,21:04:05,2022
Fri,Mar,11,21:04:13,2022
Fri,Mar,11,21:04:19,2022
Fri,Mar,11,21:04:26,2022
Fri,Mar,11,21:04:34,2022
Fri,Mar,11,21:04:43,2022
Fri,Mar,11,21:04:50,2022
Fri,Mar,11,21:04:59,2022
Fri,Mar,11,21:05:06,2022
Fri,Mar,11,21:05:15,2022
Fri,Mar,11,21:05:24,2022
Fri,Mar,11,21:05:29,2022
Fri,Mar,11,21:05:38,2022
Fri,Mar,11,21:05:47,2022
Fri,Mar,11,21:05:52,2022
Fri,Mar,11,21:06:00,2022
Fri,Mar,11,21:06:06,2022
Fri,Mar,11,21:06:14,2022
Fri,Mar,11,21:06:22,2022
Fri,Mar,11,21:06:28,2022
Fri,Mar,11,21:06:33,2022
Fri,Mar,11,21:06:41,2022
Fri,Mar,11,21:06:50,2022
Fri,Mar,11,21:06:57,2022
Fri,Mar,11,21:07:02,2022
Fri,Mar,11,21:07:11,2022
Fri,Mar,11,21:07:20,2022
Fri,Mar,11,21:07:28,2022
Fri,Mar,11,21:07:35,2022
Fri,Mar,11,21:07:41,2022
Fri,Mar,11,21:07:50,2022
Fri,Mar,11,21:07:56,2022
Fri,Mar,11,21:08:02,2022
Fri,Mar,11,21:08:10,2022
Fri,Mar,11,21:08:15,2022
Fri,Mar,11,21:08:22,2022
Fri,Mar,11,21:08:28,2022
Fri,Mar,11,21:08:34,2022
Fri,Mar,11,21:08:39,2022
Fri,Mar,11,21:08:45,2022
Fri,Mar,11,21:08:50,2022
Fri,Mar,11,21:08:59,2022
Fri,Mar,11,21:09:06,2022
Fri,Mar,11,21:09:12,2022
Fri,Mar,11,21:09:20,2022
Fri,Mar,11,21:09:29,2022
Fri,Mar,11,21:09:34,2022
Fri,Mar,11,21:09:43,2022
Fri,Mar,11,21:09:52,2022
Fri,Mar,11,21:09:58,2022
Fri,Mar,11,21:10:04,2022
Fri,Mar,11,21:10:10,2022
Fri,Mar,11,21:10:15,2022
Fri,Mar,11,21:10:21,2022
Fri,Mar,11,21:10:27,2022
Fri,Mar,11,21:10:35,2022
Fri,Mar,11,21:10:40,2022
Fri,Mar,11,21:10:47,2022
Fri,Mar,11,21:10:55,2022
Fri,Mar,11,21:11:04,2022
Fri,Mar,11,21:11:12,2022
Fri,Mar,11,21:11:21,2022
Fri,Mar,11,21:11:30,2022
Fri,Mar,11,21:11:35,2022
Fri,Mar,11,21:11:41,2022
Fri,Mar,11,21:11:49,2022
Fri,Mar,11,21:11:57,2022
Fri,Mar,11,21:12:03,2022
Fri,Mar,11,21:12:12,2022
Fri,Mar,11,21:12:19,2022
Fri,Mar,11,21:12:27,2022
Fri,Mar,11,21:12:32,2022
Fri,Mar,11,21:12:39,2022
Fri,Mar,11,21:12:48,2022
Fri,Mar,11,21:12:55,2022
Fri,Mar,11,21:13:00,2022
Fri,Mar,11,21:13:06,2022
Fri,Mar,11,21:13:13,2022
Fri,Mar,11,21:13:22,2022
Fri,Mar,11,21:13:31,2022
Fri,Mar,11,21:13:39,2022
Fri,Mar,11,21:13:44,2022
Fri,Mar,11,21:13:50,2022
Fri,Mar,11,21:13:55,2022
Fri,Mar,11,21:14:01,2022
Fri,Mar,11,21:14:10,2022
Fri,Mar,11,21:14:15,2022
Fri,Mar,11,21:14:20,2022
Fri,Mar,11,21:14:29,2022
Sat,Mar,12,08:29:47,2022
Sat,Mar,12,08:29:47,2022
Sat,Mar,12,08:29:56,2022
Sat,Mar,12,08:30:04,2022
Sat,Mar,12,08:30:10,2022
Sat,Mar,12,08:30:15,2022
Sat,Mar,12,08:30:22,2022
Sat,Mar,12,08:30:28,2022
Sat,Mar,12,08:30:33,2022
Sat,Mar,12,08:30:38,2022
Sat,Mar,12,08:30:47,2022
Sat,Mar,12,08:30:53,2022
Sat,Mar,12,08:31:01,2022
Sat,Mar,12,08:31:09,2022
Sat,Mar,12,08:31:14,2022
Sat,Mar,12,08:31:19,2022
Sat,Mar,12,08:31:27,2022
Sat,Mar,12,08:31:35,2022
Sat,Mar,12,08:31:40,2022
Sat,Mar,12,08:31:49,2022
Sat,Mar,12,08:31:54,2022
Sat,Mar,12,08:32:03,2022
Sat,Mar,12,08:32:08,2022
Sat,Mar,12,08:32:15,2022
Sat,Mar,12,08:32:24,2022
Sat,Mar,12,08:32:29,2022
Sat,Mar,12,08:32:37,2022
Sat,Mar,12,08:32:45,2022
Sat,Mar,12,08:32:50,2022
Sat,Mar,12,08:32:55,2022
Sat,Mar,12,08:33:00,2022
Sat,Mar,12,08:33:06,2022
Sat,Mar,12,08:33:11,2022
Sat,Mar,12,08:33:19,2022
Sat,Mar,12,08:33:26,2022
Sat,Mar,12,08:33:35,2022
Sat,Mar,12,08:33:42,2022
Sat,Mar,12,08:33:47,2022
Sat,Mar,12,08:33:52,2022
Sat,Mar,12,08:34:00,2022
Sat,Mar,12,08:34:08,2022
Sat,Mar,12,08:34:14,2022
Sat,Mar,12,08:34:19,2022
Sat,Mar,12,08:34:28,2022
Sat,Mar,12,08:34:35,2022
Sat,Mar,12,08:34:40,2022
Sat,Mar,12,08:34:46,2022
Sat,Mar,12,08:34:51,2022
Sat,Mar,12,08:35:00,2022
Sat,Mar,12,08:35:09,2022
Sat,Mar,12,08:35:17,2022
Sat,Mar,12,08:35:26,2022
Sat,Mar,12,08:35:33,2022
Sat,Mar,12,08:35:41,2022
Sat,Mar,12,08:35:50,2022
Sat,Mar,12,08:35:56,2022
Sat,Mar,12,08:36:05,2022
Sat,Mar,12,08:36:11,2022
Sat,Mar,12,08:36:20,2022
Sat,Mar,12,08:36:26,2022
Sat,Mar,12,08:36:33,2022
Sat,Mar,12,08:36:41,2022
Sat,Mar,12,08:36:47,2022
Sat,Mar,12,08:36:55,2022
Sat,Mar,12,08:37:00,2022
Sat,Mar,12,08:37:08,2022
Sat,Mar,12,08:37:17,2022
Sat,Mar,12,08:37:22,2022
Sat,Mar,12,08:37:28,2022
Sat,Mar,12,08:37:37,2022
Sat,Mar,12,08:37:46,2022
Sat,Mar,12,08:37:51,2022
Sat,Mar,12,08:38:00,2022
Sat,Mar,12,08:38:07,2022
Sat,Mar,12,08:38:12,2022
Sat,Mar,12,08:38:19,2022
Sat,Mar,12,08:38:24,2022
Sat,Mar,12,08:38:31,2022
Sat,Mar,12,08:38:39,2022
Sat,Mar,12,08:38:47,2022
Sat,Mar,12,08:38:54,2022
Sat,Mar,12,08:38:59,2022
Sat,Mar,12,08:39:05,2022
Sat,Mar,12,08:39:11,2022
Sat,Mar,12,08:39:20,2022
Sat,Mar,12,08:39:26,2022
Sat,Mar,12,08:39:35,2022
Sat,Mar,12,08:39:44,2022
Sat,Mar,12,08:39:53,2022
Sat,Mar,12,08:40:00,2022
Sat,Mar,12,08:40:09,2022
Sat,Mar,12,08:40:14,2022
Sat,Mar,12,08:40:23,2022
Sat,Mar,12,08:40:31,2022
Sat,Mar,12,08:40:37,2022
Sat,Mar,12,08:40:43,2022
Sat,Mar,12,08:40:52,2022
Sat,Mar,12,08:40:57,2022
Sat,Mar,12,08:41:02,2022
Sat,Mar,12,08:41:07,2022
Sat,Mar,12,08:41:14,2022
Sat,Mar,12,08:41:20,2022
Sat,Mar,12,08:41:28,2022
Sat,Mar,12,08:41:34,2022
Sat,Mar,12,08:41:43,2022
Sat,Mar,12,08:41:53,2022
Sat,Mar,12,08:42:02,2022
Sat,Mar,12,08:42:07,2022
Sat,Mar,12,08:42:12,2022
Sat,Mar,12,08:42:21,2022
Sat,Mar,12,08:42:29,2022
Sat,Mar,12,08:42:37,2022
Sat,Mar,12,08:42:42,2022
Sat,Mar,12,08:42:48,2022
Sat,Mar,12,08:42:53,2022
Sat,Mar,12,08:42:59,2022
Sat,Mar,12,08:43:04,2022
Sat,Mar,12,08:43:13,2022
Sat,Mar,12,08:43:19,2022
Sat,Mar,12,08:43:27,2022
Sat,Mar,12,08:43:34,2022
Sat,Mar,12,08:43:40,2022
Sat,Mar,12,08:43:49,2022
Sat,Mar,12,08:43:57,2022
Sat,Mar,12,08:44:03,2022
Sat,Mar,12,08:44:10,2022
Sat,Mar,12,08:44:16,2022
Sat,Mar,12,08:44:22,2022
Sat,Mar,12,08:44:31,2022
Sat,Mar,12,08:44:36,2022
Sat,Mar,12,08:44:44,2022
Sat,Mar,12,08:44:53,2022
Sat,Mar,12,08:44:58,2022
Sat,Mar,12,08:45:05,2022
Sat,Mar,12,08:45:10,2022
Sat,Mar,12,08:45:16,2022
Sat,Mar,12,08:45:24,2022
Sat,Mar,12,08:45:30,2022
Sat,Mar,12,08:45:39,2022
Sat,Mar,12,08:45:47,2022
Sat,Mar,12,08:45:52,2022
Sat,Mar,12,08:45:58,2022
Sat,Mar,12,08:46:07,2022
Sat,Mar,12,08:46:14,2022
Sat,Mar,12,08:46:20,2022
Sat,Mar,12,08:46:25,2022
Sat,Mar,12,08:46:31,2022
Sat,Mar,12,08:46:37,2022
Sat,Mar,12,08:46:46,2022
Sat,Mar,12,08:46:52,2022
Sat,Mar,12,08:46:58,2022
Sat,Mar,12,08:47:03,2022
Sat,Mar,12,08:47:09,2022
Sat,Mar,12,08:47:15,2022
Sat,Mar,12,08:47:24,2022
Sat,Mar,12,08:47:30,2022
Sat,Mar,12,08:47:36,2022
Sat,Mar,12,08:47:45,2022
Sat,Mar,12,08:47:51,2022
Sat,Mar,12,08:47:58,2022
Sat,Mar,12,08:48:04,2022
Sat,Mar,12,08:48:12,2022
Sat,Mar,12,08:48:21,2022
Sat,Mar,12,08:48:26,2022
Sat,Mar,12,08:48:33,2022
Sat,Mar,12,08:48:40,2022
Sat,Mar,12,08:48:46,2022
Sat,Mar,12,08:48:54,2022
Sat,Mar,12,08:49:01,2022
Sat,Mar,12,08:49:09,2022
Sat,Mar,12,08:49:18,2022
Sat,Mar,12,08:49:24,2022
Sat,Mar,12,08:49:31,2022
Sat,Mar,12,08:49:37,2022
Sat,Mar,12,08:49:44,2022
Sat,Mar,12,08:49:52,2022
Sat,Mar,12,08:49:59,2022
Sat,Mar,12,08:50:05,2022
Sat,Mar,12,08:50:12,2022
Sat,Mar,12,08:50:17,2022
Sat,Mar,12,08:50:25,2022
Sat,Mar,12,08:50:30,2022
Sat,Mar,12,08:50:38,2022
Sat,Mar,12,08:50:47,2022
Sat,Mar,12,08:50:56,2022
Sat,Mar,12,08:51:01,2022
Sat,Mar,12,08:51:08,2022
Sat,Mar,12,08:51:14,2022
Sat,Mar,12,08:51:22,2022
Sat,Mar,12,08:51:29,2022
Sat,Mar,12,08:51:35,2022
Sat,Mar,12,08:51:40,2022
Sat,Mar,12,08:51:48,2022
Sat,Mar,12,08:51:56,2022
Sat,Mar,12,08:52:04,2022
Sat,Mar,12,08:52:11,2022
Sat,Mar,12,08:52:20,2022
Sat,Mar,12,08:52:26,2022
Sat,Mar,12,08:52:31,2022
Sat,Mar,12,08:52:40,2022
Sat,Mar,12,17:32:09,2022
Sat,Mar,12,17:32:09,2022
Sat,Mar,12,17:32:14,2022
Sat,Mar,12,17:32:23,2022
Sat,Mar,12,17:32:28,2022
Sat,Mar,12,17:32:33,2022
Sat,Mar,12,17:32:40,2022
Sat,Mar,12,17:32:47,2022
Sat,Mar,12,17:32:56,2022
Sat,Mar,12,17:33:01,2022
Sat,Mar,12,17:33:06,2022
Sat,Mar,12,17:33:15,2022
Sat,Mar,12,17:33:20,2022
Sat,Mar,12,17:33:26,2022
Sat,Mar,12,17:33:32,2022
Sat,Mar,12,17:33:39,2022
Sat,Mar,12,17:33:48,2022
Sat,Mar,12,17:33:54,2022
Sat,Mar,12,17:33:59,2022
Sat,Mar,12,17:34:07,2022
Sat,Mar,12,17:34:14,2022
Sat,Mar,12,17:34:22,2022
Sat,Mar,12,17:34:27,2022
Sat,Mar,12,17:34:34,2022
Sat,Mar,12,17:34:39,2022
Sat,Mar,12,17:34:45,2022
Sat,Mar,12,17:34:54,2022
Sat,Mar,12,17:35:01,2022
Sat,Mar,12,17:35:09,2022
Sat,Mar,12,17:35:19,2022
Sat,Mar,12,17:35:24,2022
Sat,Mar,12,17:35:32,2022
Sat,Mar,12,17:35:38,2022
Sat,Mar,12,17:35:45,2022
Sat,Mar,12,17:35:54,2022
Sat,Mar,12,17:36:02,2022
Sat,Mar,12,17:36:09,2022
Sat,Mar,12,17:36:18,2022
Sat,Mar,12,17:36:27,2022
Sat,Mar,12,17:36:32,2022
Sat,Mar,12,17:36:39,2022
Sat,Mar,12,17:36:44,2022
Sat,Mar,12,17:36:50,2022
Sat,Mar,12,17:36:55,2022
Sat,Mar,12,17:37:03,2022
Sat,Mar,12,17:37:08,2022
Sat,Mar,12,17:37:17,2022
Sat,Mar,12,17:37:22,2022
Sat,Mar,12,17:37:29,2022
Sat,Mar,12,17:37:36,2022
Sat,Mar,12,17:37:45,2022
Sat,Mar,12,17:37:52,2022
Sat,Mar,12,17:37:58,2022
Sat,Mar,12,17:38:06,2022
Sat,Mar,12,17:38:14,2022
Sat,Mar,12,17:38:21,2022
Sat,Mar,12,17:38:29,2022
Sat,Mar,12,17:38:34,2022
Sat,Mar,12,17:38:43,2022
Sat,Mar,12,17:38:49,2022
Sat,Mar,12,17:38:58,2022
Sat,Mar,12,17:39:07,2022
Sat,Mar,12,17:39:12,2022
Sat,Mar,12,17:39:17,2022
Sat,Mar,12,17:39:26,2022
Sat,Mar,12,17:39:32,2022
Sat,Mar,12,17:39:37,2022
Sat,Mar,12,17:39:42,2022
Sat,Mar,12,17:39:50,2022
Sat,Mar,12,17:39:57,2022
Sat,Mar,12,17:40:02,2022
Sat,Mar,12,17:40:09,2022
Sat,Mar,12,17:40:16,2022
Sat,Mar,12,17:40:24,2022
Sat,Mar,12,17:40:31,2022
Sat,Mar,12,17:40:39,2022
Sat,Mar,12,17:40:47,2022
Sat,Mar,12,17:40:52,2022
Sat,Mar,12,17:40:58,2022
Sat,Mar,12,17:41:04,2022
Sat,Mar,12,17:41:11,2022
Sat,Mar,12,17:41:17,2022
Sat,Mar,12,17:41:26,2022
Sat,Mar,12,17:41:33,2022
Sat,Mar,12,17:41:42,2022
Sat,Mar,12,17:41:49,2022
Sat,Mar,12,17:41:55,2022
Sat,Mar,12,17:42:02,2022
Sat,Mar,12,17:42:08,2022
Sat,Mar,12,17:42:15,2022
Sat,Mar,12,17:42:22,2022
Sat,Mar,12,17:42:28,2022
Sat,Mar,12,17:42:37,2022
Sat,Mar,12,17:42:43,2022
Sat,Mar,12,17:42:51,2022
Sat,Mar,12,17:42:58,2022
Sat,Mar,12,17:43:06,2022
Sat,Mar,12,17:43:15,2022
Sat,Mar,12,17:43:21,2022
Sat,Mar,12,17:43:28,2022
Sat,Mar,12,17:43:33,2022
Sat,Mar,12,17:43:41,2022
Sat,Mar,12,17:43:49,2022
Sat,Mar,12,17:43:57,2022
Sat,Mar,12,17:44:06,2022
Sat,Mar,12,17:44:13,2022
Sat,Mar,12,17:44:22,2022
Sat,Mar,12,17:44:29,2022
Sat,Mar,12,17:44:37,2022
Sat,Mar,12,17:44:46,2022
Sat,Mar,12,17:44:53,2022
Sat,Mar,12,17:45:02,2022
Sat,Mar,12,17:45:09,2022
Sat,Mar,12,17:45:14,2022
Sat,Mar,12,17:45:19,2022
Sat,Mar,12,17:45:25,2022
Sat,Mar,12,17:45:32,2022
Sat,Mar,12,17:45:39,2022
Sat,Mar,12,17:45:48,2022
Sat,Mar,12,17:45:57,2022
Sat,Mar,12,17:46:02,2022
Sat,Mar,12,17:46:07,2022
Sat,Mar,12,17:46:12,2022
Sat,Mar,12,17:46:20,2022
Sat,Mar,12,17:46:29,2022
Sat,Mar,12,17:46:37,2022
Sat,Mar,12,17:46:43,2022
Sat,Mar,12,17:46:52,2022
Sat,Mar,12,17:47:01,2022
Sat,Mar,12,17:47:10,2022
Sat,Mar,12,17:47:17,2022
Sat,Mar,12,17:47:26,2022
Sat,Mar,12,17:47:32,2022
Sat,Mar,12,17:47:39,2022
Sat,Mar,12,17:47:45,2022
Sat,Mar,12,17:47:51,2022
Sat,Mar,12,17:47:58,2022
Sat,Mar,12,17:48:07,2022
Sat,Mar,12,17:48:15,2022
Sat,Mar,12,17:48:20,2022
Sat,Mar,12,17:48:25,2022
Sat,Mar,12,17:48:31,2022
Sat,Mar,12,17:48:38,2022
Sat,Mar,12,17:48:45,2022
Sat,Mar,12,17:48:51,2022
Sat,Mar,12,17:48:58,2022
Sat,Mar,12,17:49:03,2022
Sat,Mar,12,17:49:09,2022
Sat,Mar,12,17:49:14,2022
Sat,Mar,12,17:49:21,2022
Sat,Mar,12,17:49:30,2022
Sat,Mar,12,17:49:39,2022
Sat,Mar,12,17:49:46,2022
Sat,Mar,12,17:49:55,2022
Sat,Mar,12,17:50:02,2022
Sat,Mar,12,17:50:09,2022
Sat,Mar,12,17:50:15,2022
Sat,Mar,12,17:50:24,2022
Sat,Mar,12,17:50:32,2022
Sat,Mar,12,17:50:41,2022
Sat,Mar,12,17:50:46,2022
Sat,Mar,12,17:50:52,2022
Sat,Mar,12,17:51:01,2022
Sat,Mar,12,17:51:09,2022
Sat,Mar,12,17:51:17,2022
Sat,Mar,12,17:51:26,2022
Sat,Mar,12,17:51:34,2022
Sat,Mar,12,17:51:40,2022
Sat,Mar,12,17:51:45,2022
Sat,Mar,12,17:51:54,2022
Sat,Mar,12,17:51:59,2022
Sat,Mar,12,17:52:08,2022
Sat,Mar,12,17:52:13,2022
Sat,Mar,12,17:52:19,2022
Sat,Mar,12,17:52:25,2022
Sat,Mar,12,17:52:33,2022
Sat,Mar,12,17:52:40,2022
Sat,Mar,12,17:52:47,2022
Sat,Mar,12,17:52:56,2022
Sat,Mar,12,17:53:05,2022
Sat,Mar,12,17:53:11,2022
Sat,Mar,12,17:53:20,2022
Sat,Mar,12,17:53:25,2022
Sat,Mar,12,17:53:34,2022
Sat,Mar,12,17:53:39,2022
Sat,Mar,12,17:53:46,2022
Sat,Mar,12,17:53:51,2022
Sat,Mar,12,17:53:59,2022
Sat,Mar,12,17:54:04,2022
Sat,Mar,12,17:54:11,2022
Sat,Mar,12,17:54:20,2022
Sat,Mar,12,17:54:29,2022
Sat,Mar,12,17:54:37,2022
Sat,Mar,12,17:54:46,2022
Sat,Mar,12,17:54:51,2022
Sat,Mar,12,17:54:58,2022
Sat,Mar,12,17:55:05,2022
Sat,Mar,12,17:55:13,2022
Sat,Mar,12,17:55:22,2022
Sat,Mar,12,17:55:30,2022
Sat,Mar,12,17:55:37,2022
Sat,Mar,12,17:55:46,2022
Sat,Mar,12,17:55:53,2022
Sat,Mar,12,17:55:59,2022
Sat,Mar,12,17:56:04,2022
Sat,Mar,12,17:56:13,2022
Sat,Mar,12,17:56:22,2022
Sat,Mar,12,17:56:30,2022
Sat,Mar,12,17:56:39,2022
Sat,Mar,12,17:56:48,2022
Sat,Mar,12,17:56:57,2022
Sat,Mar,12,17:57:06,2022
Sat,Mar,12,17:57:14,2022
Sat,Mar,12,17:57:20,2022
Sat,Mar,12,17:57:26,2022
Sat,Mar,12,17:57:33,2022
Sat,Mar,12,17:57:42,2022
Sat,Mar,12,17:57:48,2022
Sat,Mar,12,17:57:53,2022
Sat,Mar,12,17:57:59,2022
Sat,Mar,12,17:58:04,2022
Sat,Mar,12,17:58:12,2022
Sat,Mar,12,17:58:17,2022
Sat,Mar,12,17:58:26,2022
Sat,Mar,12,17:58:33,2022
Sat,Mar,12,17:58:41,2022
Sat,Mar,12,17:58:47,2022
Sat,Mar,12,17:58:54,2022
Sat,Mar,12,17:58:59,2022
Sat,Mar,12,17:59:06,2022
Sat,Mar,12,17:59:15,2022
Sat,Mar,12,17:59:24,2022
Sat,Mar,12,17:59:33,2022
Sat,Mar,12,17:59:41,2022
Sat,Mar,12,17:59:48,2022
Sat,Mar,12,17:59:57,2022
Sat,Mar,12,18:00:02,2022
Sat,Mar,12,18:00:11,2022
Sat,Mar,12,18:00:18,2022
Sat,Mar,12,18:00:25,2022
Sat,Mar,12,18:00:33,2022
Sat,Mar,12,18:00:38,2022
Sat,Mar,12,18:00:46,2022
Sat,Mar,12,18:00:52,2022
Sat,Mar,12,18:01:01,2022
Sat,Mar,12,18:01:10,2022
Sat,Mar,12,18:01:17,2022
Sat,Mar,12,18:01:23,2022
Sat,Mar,12,18:01:31,2022
Sat,Mar,12,18:01:39,2022
Sat,Mar,12,18:01:44,2022
Sat,Mar,12,18:01:50,2022
Sat,Mar,12,18:01:57,2022
Sat,Mar,12,18:02:05,2022
Sat,Mar,12,18:02:10,2022
Sat,Mar,12,18:02:19,2022
Sat,Mar,12,18:02:28,2022
Sat,Mar,12,18:02:35,2022
Sat,Mar,12,18:02:41,2022
Sat,Mar,12,18:02:46,2022
Sat,Mar,12,18:02:51,2022
Sat,Mar,12,18:02:58,2022
Sat,Mar,12,18:03:04,2022
Sat,Mar,12,18:03:12,2022
Sat,Mar,12,18:03:19,2022
Sat,Mar,12,18:03:28,2022
Sat,Mar,12,18:03:33,2022
Sat,Mar,12,18:03:40,2022
Sat,Mar,12,18:03:49,2022
Sat,Mar,12,18:03:55,2022
Sat,Mar,12,18:04:01,2022
Sat,Mar,12,18:04:08,2022
Sat,Mar,12,18:04:14,2022
Sat,Mar,12,18:04:20,2022
Sat,Mar,12,18:04:25,2022
Sat,Mar,12,18:04:30,2022
Sat,Mar,12,18:04:37,2022
Sat,Mar,12,18:04:45,2022
Sat,Mar,12,18:04:51,2022
Sat,Mar,12,18:05:00,2022
Sat,Mar,12,18:05:07,2022
Sat,Mar,12,18:05:14,2022
Sat,Mar,12,18:05:20,2022
Sat,Mar,12,18:05:28,2022
Sat,Mar,12,18:05:37,2022
Sat,Mar,12,18:05:42,2022
Sat,Mar,12,18:05:48,2022
Sat,Mar,12,18:05:55,2022
Sat,Mar,12,18:06:03,2022
Sat,Mar,12,18:06:09,2022
Sat,Mar,12,18:06:17,2022
Sat,Mar,12,18:06:24,2022
Sat,Mar,12,18:06:31,2022
Sat,Mar,12,18:06:38,2022
Sat,Mar,12,18:06:44,2022
Sat,Mar,12,18:06:51,2022
Sat,Mar,12,18:06:56,2022
Sat,Mar,12,18:07:05,2022
Sat,Mar,12,18:07:12,2022
Sat,Mar,12,18:07:17,2022
Sat,Mar,12,18:07:24,2022
Sat,Mar,12,18:07:33,2022
Sat,Mar,12,18:07:39,2022
Sat,Mar,12,18:07:47,2022
Sat,Mar,12,18:07:52,2022
Sat,Mar,12,18:08:01,2022
Sat,Mar,12,18:08:09,2022
Sat,Mar,12,18:08:14,2022
Sat,Mar,12,18:08:23,2022
Sat,Mar,12,18:08:28,2022
Sat,Mar,12,18:08:37,2022
Sat,Mar,12,18:08:45,2022
Sat,Mar,12,18:08:53,2022
Sat,Mar,12,18:08:59,2022
Sat,Mar,12,18:09:06,2022
Sat,Mar,12,18:09:13,2022
Sat,Mar,12,18:09:18,2022
Sat,Mar,12,18:09:23,2022
Sat,Mar,12,18:09:28,2022
Sat,Mar,12,18:09:33,2022
Sat,Mar,12,18:09:38,2022
Sat,Mar,12,18:09:46,2022
Sat,Mar,12,18:09:55,2022
Sat,Mar,12,18:10:01,2022
Sat,Mar,12,18:10:10,2022
Sat,Mar,12,18:10:19,2022
Sat,Mar,12,18:10:24,2022
Sat,Mar,12,18:10:29,2022
Sat,Mar,12,18:10:35,2022
Sat,Mar,12,18:10:40,2022
Sat,Mar,12,18:10:49,2022
Sat,Mar,12,18:10:54,2022
Sat,Mar,12,18:11:00,2022
Sat,Mar,12,18:11:05,2022
Sat,Mar,12,18:11:14,2022
Sat,Mar,12,18:11:22,2022
Sat,Mar,12,18:11:31,2022
Sat,Mar,12,18:11:38,2022
Sat,Mar,12,18:11:44,2022
Sat,Mar,12,18:11:50,2022
Sat,Mar,12,18:11:57,2022
Sat,Mar,12,18:12:05,2022
Sat,Mar,12,18:12:13,2022
Sat,Mar,12,18:12:18,2022
Sat,Mar,12,18:12:27,2022
Sat,Mar,12,18:12:34,2022
Sat,Mar,12,18:12:41,2022
Sat,Mar,12,18:12:49,2022
Sat,Mar,12,18:12:57,2022
Sat,Mar,12,18:13:03,2022
Sat,Mar,12,18:13:11,2022
Sat,Mar,12,18:13:16,2022
Sat,Mar,12,18:13:24,2022
Sat,Mar,12,18:13:32,2022
Sat,Mar,12,18:13:38,2022
Sat,Mar,12,18:13:46,2022
Sat,Mar,12,18:13:54,2022
Sat,Mar,12,18:14:00,2022
Sat,Mar,12,18:14:09,2022
Sat,Mar,12,18:14:15,2022
Sat,Mar,12,18:14:21,2022
Sat,Mar,12,18:14:28,2022
Sat,Mar,12,18:14:34,2022
Sat,Mar,12,18:14:40,2022
Sat,Mar,12,18:14:48,2022
Sat,Mar,12,18:14:57,2022
Sat,Mar,12,18:15:04,2022
Sat,Mar,12,18:15:12,2022
Sat,Mar,12,18:15:17,2022
Sat,Mar,12,18:15:23,2022
Sat,Mar,12,18:15:31,2022
Sat,Mar,12,18:15:39,2022
Sat,Mar,12,18:15:47,2022
Sat,Mar,12,18:15:56,2022
Sat,Mar,12,18:16:04,2022
Sat,Mar,12,18:16:09,2022
Sat,Mar,12,18:16:18,2022
Sat,Mar,12,18:16:24,2022
Sat,Mar,12,18:16:29,2022
Sat,Mar,12,18:16:34,2022
Sat,Mar,12,18:16:43,2022
Sat,Mar,12,18:16:50,2022
Sat,Mar,12,18:16:57,2022
Sat,Mar,12,18:17:02,2022
Sat,Mar,12,18:17:09,2022
Sat,Mar,12,18:17:14,2022
Sat,Mar,12,18:17:20,2022
Sat,Mar,12,18:17:27,2022
Sat,Mar,12,18:17:33,2022
Sat,Mar,12,18:17:39,2022
Sat,Mar,12,18:17:45,2022
Sat,Mar,12,18:17:50,2022
Sat,Mar,12,18:17:57,2022
Sat,Mar,12,18:18:04,2022
Sat,Mar,12,18:18:09,2022
Sat,Mar,12,18:18:16,2022
Sat,Mar,12,18:18:21,2022
Sat,Mar,12,18:18:29,2022
Sat,Mar,12,18:18:34,2022
Sat,Mar,12,18:18:43,2022
